2026-08-24 11:57:01,762 - INFO - Starting Discovery Phase...
2026-08-24 11:57:01,762 - INFO - Discovering links from: https://www.sarkariresult.com
2026-08-24 11:57:02,942 - INFO - Navigating to https://www.sarkariresult.com...
2026-08-24 11:57:03,059 - INFO - Discovering links from: https://www.sarkariresult.com/latestjob/
2026-08-24 11:57:04,101 - INFO - Navigating to https://www.sarkariresult.com/latestjob/...
2026-08-24 11:57:04,614 - INFO - Discovering links from: https://www.sarkariresult.com/admitcard/
2026-08-24 11:57:06,173 - INFO - Navigating to https://www.sarkariresult.com/admitcard/...
2026-08-24 11:57:06,625 - INFO - Discovering links from: https://www.sarkariresult.com/result/
2026-08-24 11:57:08,398 - INFO - Navigating to https://www.sarkariresult.com/result/...
2026-08-24 11:57:08,801 - INFO - Discovering links from: https://www.sarkariresult.com/answerkey/
2026-08-24 11:57:10,653 - INFO - Navigating to https://www.sarkariresult.com/answerkey/...
2026-08-24 11:57:10,813 - INFO - Discovering links from: https://www.sarkariresult.com/syllabus/
2026-08-24 11:57:12,042 - INFO - Navigating to https://www.sarkariresult.com/syllabus/...
2026-08-24 11:57:12,140 - INFO - Discovering links from: https://www.sarkariresult.com/admission/
2026-08-24 11:57:14,033 - INFO - Navigating to https://www.sarkariresult.com/admission/...
2026-08-24 11:57:14,169 - INFO - Discovering links from: https://www.sarkariresult.com/important/
2026-08-24 11:57:15,112 - INFO - Navigating to https://www.sarkariresult.com/important/...
2026-08-24 11:57:15,207 - INFO - Discovering links from: https://www.sarkariresult.com/certificate/
2026-08-24 11:57:16,067 - INFO - Navigating to https://www.sarkariresult.com/certificate/...
2026-08-24 11:57:16,282 - INFO - Discovered 689 unique job links for the targeted year range across all categories.
2026-08-24 11:57:16,282 - INFO - Starting Extraction & Processing Phase...
2026-08-24 11:57:16,282 - INFO - [1/689] Scraping: https://www.sarkariresult.com/2026/sbi-clerk-backlog-aug26/
2026-08-24 11:57:18,150 - INFO - Navigating to https://www.sarkariresult.com/2026/sbi-clerk-backlog-aug26/...
2026-08-24 11:57:18,255 - INFO - [2/689] Scraping: https://www.sarkariresult.com/2026/jssc-jilcce-inter-level-july26/
2026-08-24 11:57:19,430 - INFO - Navigating to https://www.sarkariresult.com/2026/jssc-jilcce-inter-level-july26/...
2026-08-24 11:57:19,564 - INFO - [3/689] Scraping: https://www.sarkariresult.com/2026/rvunl-june26/
2026-08-24 11:57:21,226 - INFO - Navigating to https://www.sarkariresult.com/2026/rvunl-june26/...
2026-08-24 11:57:21,373 - INFO - [4/689] Scraping: https://www.sarkariresult.com/2026/up-police-constable-jan26/
2026-08-24 11:57:22,254 - INFO - Navigating to https://www.sarkariresult.com/2026/up-police-constable-jan26/...
2026-08-24 11:57:22,361 - INFO - [5/689] Scraping: https://www.sarkariresult.com/2026/nta-neet-ug-2026/
2026-08-24 11:57:24,345 - INFO - Navigating to https://www.sarkariresult.com/2026/nta-neet-ug-2026/...
2026-08-24 11:57:24,491 - INFO - [6/689] Scraping: https://www.sarkariresult.com/outsourcing/
2026-08-24 11:57:25,329 - INFO - Navigating to https://www.sarkariresult.com/outsourcing/...
2026-08-24 11:57:25,464 - INFO - Skipping https://www.sarkariresult.com/outsourcing/ as it has no importantLinks (empty page)
2026-08-24 11:57:25,465 - INFO - [7/689] Scraping: https://www.sarkariresult.com/2026/patna-high-court-july26/
2026-08-24 11:57:27,288 - INFO - Navigating to https://www.sarkariresult.com/2026/patna-high-court-july26/...
2026-08-24 11:57:27,539 - INFO - [8/689] Scraping: https://www.sarkariresult.com/2026/up-anganwadi-helper-june26/
2026-08-24 11:57:29,139 - INFO - Navigating to https://www.sarkariresult.com/2026/up-anganwadi-helper-june26/...
2026-08-24 11:57:29,272 - INFO - [9/689] Scraping: https://www.sarkariresult.com/2026/upsssc-pet-exam-jun26/
2026-08-24 11:57:30,166 - INFO - Navigating to https://www.sarkariresult.com/2026/upsssc-pet-exam-jun26/...
2026-08-24 11:57:30,571 - INFO - [10/689] Scraping: https://www.sarkariresult.com/2026/railway-rrb-junior-engineer-cen-04-2026/
2026-08-24 11:57:32,019 - INFO - Navigating to https://www.sarkariresult.com/2026/railway-rrb-junior-engineer-cen-04-2026/...
2026-08-24 11:57:32,164 - INFO - [11/689] Scraping: https://www.sarkariresult.com/2026/bseb-stet-august26/
2026-08-24 11:57:34,162 - INFO - Navigating to https://www.sarkariresult.com/2026/bseb-stet-august26/...
2026-08-24 11:57:34,271 - INFO - [12/689] Scraping: https://www.sarkariresult.com/2026/up-anganwadi-worker/
2026-08-24 11:57:35,518 - INFO - Navigating to https://www.sarkariresult.com/2026/up-anganwadi-worker/...
2026-08-24 11:57:35,661 - INFO - [13/689] Scraping: https://www.sarkariresult.com/bihar/bpsc-tre-4-2026/
2026-08-24 11:57:36,579 - INFO - Navigating to https://www.sarkariresult.com/bihar/bpsc-tre-4-2026/...
2026-08-24 11:57:36,714 - INFO - [14/689] Scraping: https://www.sarkariresult.com/2026/up-scholarship-postmatric-jul26/
2026-08-24 11:57:38,662 - INFO - Navigating to https://www.sarkariresult.com/2026/up-scholarship-postmatric-jul26/...
2026-08-24 11:57:38,780 - INFO - [15/689] Scraping: https://www.sarkariresult.com/2026/ibps-clerk-16th-august26/
2026-08-24 11:57:39,990 - INFO - Navigating to https://www.sarkariresult.com/2026/ibps-clerk-16th-august26/...
2026-08-24 11:57:40,097 - INFO - [16/689] Scraping: https://www.sarkariresult.com/2026/mpesb-group2-subgroup-4-aug26/
2026-08-24 11:57:41,576 - INFO - Navigating to https://www.sarkariresult.com/2026/mpesb-group2-subgroup-4-aug26/...
2026-08-24 11:57:41,813 - INFO - [17/689] Scraping: https://www.sarkariresult.com/bihar/bpsc-auditor-09-2026/
2026-08-24 11:57:43,158 - INFO - Navigating to https://www.sarkariresult.com/bihar/bpsc-auditor-09-2026/...
2026-08-24 11:57:43,297 - INFO - [18/689] Scraping: https://www.sarkariresult.com/2026/htet-dec-2025/
2026-08-24 11:57:44,340 - INFO - Navigating to https://www.sarkariresult.com/2026/htet-dec-2025/...
2026-08-24 11:57:44,480 - INFO - [19/689] Scraping: https://www.sarkariresult.com/2026/updeled-admissions-2/
2026-08-24 11:57:45,883 - INFO - Navigating to https://www.sarkariresult.com/2026/updeled-admissions-2/...
2026-08-24 11:57:46,014 - INFO - [20/689] Scraping: https://www.sarkariresult.com/rpsc/rpsc-school-lecturer-pgt-2025/
2026-08-24 11:57:47,421 - INFO - Navigating to https://www.sarkariresult.com/rpsc/rpsc-school-lecturer-pgt-2025/...
2026-08-24 11:57:47,565 - INFO - [21/689] Scraping: https://www.sarkariresult.com/ssc/ssc-junior-engineer-je-2025/
2026-08-24 11:57:48,817 - INFO - Navigating to https://www.sarkariresult.com/ssc/ssc-junior-engineer-je-2025/...
2026-08-24 11:57:49,146 - INFO - [22/689] Scraping: https://www.sarkariresult.com/hssc/hpsc-pgt-23-2026/
2026-08-24 11:57:50,124 - INFO - Navigating to https://www.sarkariresult.com/hssc/hpsc-pgt-23-2026/...
2026-08-24 11:57:50,267 - INFO - [23/689] Scraping: https://www.sarkariresult.com/2025/uppsc-asst-professor-a7-e1/
2026-08-24 11:57:51,962 - INFO - Navigating to https://www.sarkariresult.com/2025/uppsc-asst-professor-a7-e1/...
2026-08-24 11:57:52,217 - INFO - [24/689] Scraping: https://www.sarkariresult.com/bihar/csbc-bihar-pohibition-03-2025/
2026-08-24 11:57:53,902 - INFO - Navigating to https://www.sarkariresult.com/bihar/csbc-bihar-pohibition-03-2025/...
2026-08-24 11:57:54,033 - INFO - [25/689] Scraping: https://www.sarkariresult.com/bihar/csbc-constable-operator-02-2026/
2026-08-24 11:57:55,198 - INFO - Navigating to https://www.sarkariresult.com/bihar/csbc-constable-operator-02-2026/...
2026-08-24 11:57:55,411 - INFO - [26/689] Scraping: https://www.sarkariresult.com/bihar/csbc-bihar-constable-special-01-2026/
2026-08-24 11:57:57,164 - INFO - Navigating to https://www.sarkariresult.com/bihar/csbc-bihar-constable-special-01-2026/...
2026-08-24 11:57:57,359 - INFO - [27/689] Scraping: https://www.sarkariresult.com/ssc/ssc-chsl-2025/
2026-08-24 11:57:58,639 - INFO - Navigating to https://www.sarkariresult.com/ssc/ssc-chsl-2025/...
2026-08-24 11:57:58,761 - INFO - [28/689] Scraping: https://www.sarkariresult.com/2025/cbse-kvs-nvs-2025/
2026-08-24 11:57:59,594 - INFO - Navigating to https://www.sarkariresult.com/2025/cbse-kvs-nvs-2025/...
2026-08-24 11:57:59,840 - INFO - [29/689] Scraping: https://www.sarkariresult.com/2025/mha-ib-sa-exe-2025/
2026-08-24 11:58:01,333 - INFO - Navigating to https://www.sarkariresult.com/2025/mha-ib-sa-exe-2025/...
2026-08-24 11:58:01,459 - INFO - [30/689] Scraping: https://www.sarkariresult.com/2026/delhi-hc-hjs-july26/
2026-08-24 11:58:02,292 - INFO - Navigating to https://www.sarkariresult.com/2026/delhi-hc-hjs-july26/...
2026-08-24 11:58:02,519 - INFO - [31/689] Scraping: https://www.sarkariresult.com/upsc/upsc-cpf-ac-capf-2025/
2026-08-24 11:58:03,626 - INFO - Navigating to https://www.sarkariresult.com/upsc/upsc-cpf-ac-capf-2025/...
2026-08-24 11:58:03,756 - INFO - [32/689] Scraping: https://www.sarkariresult.com/2026/cbse-result-2026/
2026-08-24 11:58:05,656 - INFO - Navigating to https://www.sarkariresult.com/2026/cbse-result-2026/...
2026-08-24 11:58:05,777 - INFO - [33/689] Scraping: https://www.sarkariresult.com/bihar/bpssc-asi-operation-04-2026/
2026-08-24 11:58:07,752 - INFO - Navigating to https://www.sarkariresult.com/bihar/bpssc-asi-operation-04-2026/...
2026-08-24 11:58:07,879 - INFO - [34/689] Scraping: https://www.sarkariresult.com/bihar/bpssc-havildar-05-2026/
2026-08-24 11:58:09,022 - INFO - Navigating to https://www.sarkariresult.com/bihar/bpssc-havildar-05-2026/...
2026-08-24 11:58:09,169 - INFO - [35/689] Scraping: https://www.sarkariresult.com/bihar/bpssc-si-prohibition-03-2026/
2026-08-24 11:58:10,570 - INFO - Navigating to https://www.sarkariresult.com/bihar/bpssc-si-prohibition-03-2026/...
2026-08-24 11:58:10,712 - INFO - [36/689] Scraping: https://www.sarkariresult.com/2026/aiims-cre-june-2026/
2026-08-24 11:58:11,706 - INFO - Navigating to https://www.sarkariresult.com/2026/aiims-cre-june-2026/...
2026-08-24 11:58:11,851 - INFO - [37/689] Scraping: https://www.sarkariresult.com/bihar/bpsc-dso-38-2025/
2026-08-24 11:58:13,349 - INFO - Navigating to https://www.sarkariresult.com/bihar/bpsc-dso-38-2025/...
2026-08-24 11:58:13,474 - INFO - [38/689] Scraping: https://www.sarkariresult.com/railway/rrb-alp-cen-01-2026/
2026-08-24 11:58:15,251 - INFO - Navigating to https://www.sarkariresult.com/railway/rrb-alp-cen-01-2026/...
2026-08-24 11:58:15,375 - INFO - [39/689] Scraping: https://www.sarkariresult.com/ssc/ssc-selection-post-14th-2026/
2026-08-24 11:58:16,573 - INFO - Navigating to https://www.sarkariresult.com/ssc/ssc-selection-post-14th-2026/...
2026-08-24 11:58:16,714 - INFO - [40/689] Scraping: https://www.sarkariresult.com/2026/ccl-various-post-july26/
2026-08-24 11:58:18,395 - INFO - Navigating to https://www.sarkariresult.com/2026/ccl-various-post-july26/...
2026-08-24 11:58:18,537 - INFO - [41/689] Scraping: https://www.sarkariresult.com/2025/uppsc-gic-lecturer-2025/
2026-08-24 11:58:19,453 - INFO - Navigating to https://www.sarkariresult.com/2025/uppsc-gic-lecturer-2025/...
2026-08-24 11:58:19,593 - INFO - [42/689] Scraping: https://www.sarkariresult.com/2026/coal-india-mt-2026/
2026-08-24 11:58:21,579 - INFO - Navigating to https://www.sarkariresult.com/2026/coal-india-mt-2026/...
2026-08-24 11:58:21,708 - INFO - [43/689] Scraping: https://www.sarkariresult.com/2026/nicl-assistant-july26/
2026-08-24 11:58:23,133 - INFO - Navigating to https://www.sarkariresult.com/2026/nicl-assistant-july26/...
2026-08-24 11:58:23,375 - INFO - [44/689] Scraping: https://www.sarkariresult.com/2026/ibps-so-16th-june26/
2026-08-24 11:58:25,112 - INFO - Navigating to https://www.sarkariresult.com/2026/ibps-so-16th-june26/...
2026-08-24 11:58:25,239 - INFO - [45/689] Scraping: https://www.sarkariresult.com/ssc/ssc-mts-2025/
2026-08-24 11:58:26,861 - INFO - Navigating to https://www.sarkariresult.com/ssc/ssc-mts-2025/...
2026-08-24 11:58:27,101 - INFO - [46/689] Scraping: https://www.sarkariresult.com/2026/bsnl-jto-2026/
2026-08-24 11:58:28,802 - INFO - Navigating to https://www.sarkariresult.com/2026/bsnl-jto-2026/...
2026-08-24 11:58:28,891 - INFO - [47/689] Scraping: https://www.sarkariresult.com/upsssc/upsssc-lower-07-exam-2026/
2026-08-24 11:58:30,531 - INFO - Navigating to https://www.sarkariresult.com/upsssc/upsssc-lower-07-exam-2026/...
2026-08-24 11:58:30,650 - INFO - [48/689] Scraping: https://www.sarkariresult.com/railway/rrb-group-d-cen-09-2025/
2026-08-24 11:58:31,887 - INFO - Navigating to https://www.sarkariresult.com/railway/rrb-group-d-cen-09-2025/...
2026-08-24 11:58:32,030 - INFO - [49/689] Scraping: https://www.sarkariresult.com/rpsc/rssb-computer-instructor-07-2026/
2026-08-24 11:58:33,496 - INFO - Navigating to https://www.sarkariresult.com/rpsc/rssb-computer-instructor-07-2026/...
2026-08-24 11:58:33,732 - INFO - [50/689] Scraping: https://www.sarkariresult.com/2026/nta-aiapget-admissions-july26/
2026-08-24 11:58:35,527 - INFO - Navigating to https://www.sarkariresult.com/2026/nta-aiapget-admissions-july26/...
2026-08-24 11:58:35,657 - INFO - [51/689] Scraping: https://www.sarkariresult.com/2026/nbe-various-post-june26/
2026-08-24 11:58:36,758 - INFO - Navigating to https://www.sarkariresult.com/2026/nbe-various-post-june26/...
2026-08-24 11:58:37,007 - INFO - [52/689] Scraping: https://www.sarkariresult.com/2026/air-force-agniveervayu-musician-july26/
2026-08-24 11:58:38,351 - INFO - Navigating to https://www.sarkariresult.com/2026/air-force-agniveervayu-musician-july26/...
2026-08-24 11:58:38,490 - INFO - [53/689] Scraping: https://www.sarkariresult.com/2026/nta-icar-aieea-2/
2026-08-24 11:58:39,496 - INFO - Navigating to https://www.sarkariresult.com/2026/nta-icar-aieea-2/...
2026-08-24 11:58:39,623 - INFO - [54/689] Scraping: https://www.sarkariresult.com/bihar/bpsc-72-pre-exam-2026/
2026-08-24 11:58:40,935 - INFO - Navigating to https://www.sarkariresult.com/bihar/bpsc-72-pre-exam-2026/...
2026-08-24 11:58:41,073 - INFO - [55/689] Scraping: https://www.sarkariresult.com/2025/up-police-home-guard-02-2025/
2026-08-24 11:58:42,225 - INFO - Navigating to https://www.sarkariresult.com/2025/up-police-home-guard-02-2025/...
2026-08-24 11:58:42,357 - INFO - [56/689] Scraping: https://www.sarkariresult.com/2026/ibps-po-xvi-mt-june26/
2026-08-24 11:58:43,801 - INFO - Navigating to https://www.sarkariresult.com/2026/ibps-po-xvi-mt-june26/...
2026-08-24 11:58:44,058 - INFO - [57/689] Scraping: https://www.sarkariresult.com/upsc/upsc-ias-ifs-pre-2026/
2026-08-24 11:58:45,098 - INFO - Navigating to https://www.sarkariresult.com/upsc/upsc-ias-ifs-pre-2026/...
2026-08-24 11:58:45,308 - INFO - [58/689] Scraping: https://www.sarkariresult.com/2026/ahc-research-associates-2026/
2026-08-24 11:58:46,479 - INFO - Navigating to https://www.sarkariresult.com/2026/ahc-research-associates-2026/...
2026-08-24 11:58:46,733 - INFO - [59/689] Scraping: https://www.sarkariresult.com/2025/uppsc-computer-assistant-25/
2026-08-24 11:58:48,425 - INFO - Navigating to https://www.sarkariresult.com/2025/uppsc-computer-assistant-25/...
2026-08-24 11:58:48,640 - INFO - [60/689] Scraping: https://www.sarkariresult.com/2026/sbi-am-dm-june26/
2026-08-24 11:58:50,410 - INFO - Navigating to https://www.sarkariresult.com/2026/sbi-am-dm-june26/...
2026-08-24 11:58:50,654 - INFO - [61/689] Scraping: https://www.sarkariresult.com/upsc/upsc-cds-ii-exam-2026/
2026-08-24 11:58:52,596 - INFO - Navigating to https://www.sarkariresult.com/upsc/upsc-cds-ii-exam-2026/...
2026-08-24 11:58:52,716 - INFO - [62/689] Scraping: https://www.sarkariresult.com/upsc/upsc-nda-ii-exam-2026/
2026-08-24 11:58:54,065 - INFO - Navigating to https://www.sarkariresult.com/upsc/upsc-nda-ii-exam-2026/...
2026-08-24 11:58:54,216 - INFO - [63/689] Scraping: https://www.sarkariresult.com/ssc/ssc-stenographer-2026/
2026-08-24 11:58:55,702 - INFO - Navigating to https://www.sarkariresult.com/ssc/ssc-stenographer-2026/...
2026-08-24 11:58:55,835 - INFO - [64/689] Scraping: https://www.sarkariresult.com/ssc/ssc-jht-2026/
2026-08-24 11:58:56,777 - INFO - Navigating to https://www.sarkariresult.com/ssc/ssc-jht-2026/...
2026-08-24 11:58:56,904 - INFO - [65/689] Scraping: https://www.sarkariresult.com/2026/neet-pg-jun26/
2026-08-24 11:58:58,036 - INFO - Navigating to https://www.sarkariresult.com/2026/neet-pg-jun26/...
2026-08-24 11:58:58,277 - INFO - [66/689] Scraping: https://www.sarkariresult.com/2026/ntpc-nspcl-various-post-aug26/
2026-08-24 11:58:59,820 - INFO - Navigating to https://www.sarkariresult.com/2026/ntpc-nspcl-various-post-aug26/...
2026-08-24 11:58:59,948 - INFO - [67/689] Scraping: https://www.sarkariresult.com/2026/ntpc-ngel-june26/
2026-08-24 11:59:01,938 - INFO - Navigating to https://www.sarkariresult.com/2026/ntpc-ngel-june26/...
2026-08-24 11:59:02,070 - INFO - [68/689] Scraping: https://www.sarkariresult.com/2026/upsc-epfo-apfc-august26/
2026-08-24 11:59:03,878 - INFO - Navigating to https://www.sarkariresult.com/2026/upsc-epfo-apfc-august26/...
2026-08-24 11:59:04,002 - INFO - [69/689] Scraping: https://www.sarkariresult.com/2026/ntpc-ngel-august26/
2026-08-24 11:59:04,970 - INFO - Navigating to https://www.sarkariresult.com/2026/ntpc-ngel-august26/...
2026-08-24 11:59:05,113 - INFO - [70/689] Scraping: https://www.sarkariresult.com/2026/uppsc-direct-d1-e1-aug26/
2026-08-24 11:59:06,558 - INFO - Navigating to https://www.sarkariresult.com/2026/uppsc-direct-d1-e1-aug26/...
2026-08-24 11:59:06,685 - INFO - [71/689] Scraping: https://www.sarkariresult.com/2026/sbi-j-a-clerk-august26/
2026-08-24 11:59:07,726 - INFO - Navigating to https://www.sarkariresult.com/2026/sbi-j-a-clerk-august26/...
2026-08-24 11:59:07,963 - INFO - [72/689] Scraping: https://www.sarkariresult.com/2026/bob-lbo-aug26/
2026-08-24 11:59:09,720 - INFO - Navigating to https://www.sarkariresult.com/2026/bob-lbo-aug26/...
2026-08-24 11:59:09,859 - INFO - [73/689] Scraping: https://www.sarkariresult.com/2026/upsssc-paramedical-fsl-15-exam-2026/
2026-08-24 11:59:11,286 - INFO - Navigating to https://www.sarkariresult.com/2026/upsssc-paramedical-fsl-15-exam-2026/...
2026-08-24 11:59:11,418 - INFO - [74/689] Scraping: https://www.sarkariresult.com/2026/mpesb-group-3-sub-engineer-aug26/
2026-08-24 11:59:13,213 - INFO - Navigating to https://www.sarkariresult.com/2026/mpesb-group-3-sub-engineer-aug26/...
2026-08-24 11:59:13,356 - INFO - [75/689] Scraping: https://www.sarkariresult.com/2026/mpesb-mspstet-2026/
2026-08-24 11:59:14,333 - INFO - Navigating to https://www.sarkariresult.com/2026/mpesb-mspstet-2026/...
2026-08-24 11:59:14,459 - INFO - [76/689] Scraping: https://www.sarkariresult.com/2026/rajasthan-rssb-je-august26/
2026-08-24 11:59:16,416 - INFO - Navigating to https://www.sarkariresult.com/2026/rajasthan-rssb-je-august26/...
2026-08-24 11:59:16,675 - INFO - [77/689] Scraping: https://www.sarkariresult.com/2026/mphc-assistant-grade-3rd-august26/
2026-08-24 11:59:18,648 - INFO - Navigating to https://www.sarkariresult.com/2026/mphc-assistant-grade-3rd-august26/...
2026-08-24 11:59:18,762 - INFO - [78/689] Scraping: https://www.sarkariresult.com/2026/rajasthan-sanitation-worker-jul26/
2026-08-24 11:59:20,405 - INFO - Navigating to https://www.sarkariresult.com/2026/rajasthan-sanitation-worker-jul26/...
2026-08-24 11:59:20,665 - INFO - [79/689] Scraping: https://www.sarkariresult.com/2026/upsssc-j-e-agriculture-august26/
2026-08-24 11:59:22,019 - INFO - Navigating to https://www.sarkariresult.com/2026/upsssc-j-e-agriculture-august26/...
2026-08-24 11:59:22,158 - INFO - [80/689] Scraping: https://www.sarkariresult.com/2026/upsssc-veterinary-18-exam-2026/
2026-08-24 11:59:23,709 - INFO - Navigating to https://www.sarkariresult.com/2026/upsssc-veterinary-18-exam-2026/...
2026-08-24 11:59:23,953 - INFO - [81/689] Scraping: https://www.sarkariresult.com/2026/upsssc-livestock-17-exam-2026/
2026-08-24 11:59:25,065 - INFO - Navigating to https://www.sarkariresult.com/2026/upsssc-livestock-17-exam-2026/...
2026-08-24 11:59:25,202 - INFO - [82/689] Scraping: https://www.sarkariresult.com/2026/icf-chennai-apprentices-202/
2026-08-24 11:59:26,068 - INFO - Navigating to https://www.sarkariresult.com/2026/icf-chennai-apprentices-202/...
2026-08-24 11:59:26,313 - INFO - [83/689] Scraping: https://www.sarkariresult.com/2026/gims-staff-nurse-august26/
2026-08-24 11:59:27,746 - INFO - Navigating to https://www.sarkariresult.com/2026/gims-staff-nurse-august26/...
2026-08-24 11:59:27,893 - INFO - [84/689] Scraping: https://www.sarkariresult.com/2026/pnb-lbo-july26/
2026-08-24 11:59:29,377 - INFO - Navigating to https://www.sarkariresult.com/2026/pnb-lbo-july26/...
2026-08-24 11:59:29,512 - INFO - [85/689] Scraping: https://www.sarkariresult.com/2026/bsip-scientist-b-august26/
2026-08-24 11:59:31,436 - INFO - Navigating to https://www.sarkariresult.com/2026/bsip-scientist-b-august26/...
2026-08-24 11:59:31,602 - INFO - [86/689] Scraping: https://www.sarkariresult.com/2026/hphc-various-post-august26/
2026-08-24 11:59:33,537 - INFO - Navigating to https://www.sarkariresult.com/2026/hphc-various-post-august26/...
2026-08-24 11:59:33,669 - INFO - [87/689] Scraping: https://www.sarkariresult.com/2026/iocl-md-nr-apprentices-august26/
2026-08-24 11:59:35,135 - INFO - Navigating to https://www.sarkariresult.com/2026/iocl-md-nr-apprentices-august26/...
2026-08-24 11:59:35,236 - INFO - [88/689] Scraping: https://www.sarkariresult.com/2026/aai-manager-junior-executive-july26/
2026-08-24 11:59:36,873 - INFO - Navigating to https://www.sarkariresult.com/2026/aai-manager-junior-executive-july26/...
2026-08-24 11:59:37,064 - INFO - [89/689] Scraping: https://www.sarkariresult.com/2026/rcfl-management-trainee-august26/
2026-08-24 11:59:38,744 - INFO - Navigating to https://www.sarkariresult.com/2026/rcfl-management-trainee-august26/...
2026-08-24 11:59:39,007 - INFO - [90/689] Scraping: https://www.sarkariresult.com/upsssc/upsssc-pharmacist-01-2026/
2026-08-24 11:59:41,003 - INFO - Navigating to https://www.sarkariresult.com/upsssc/upsssc-pharmacist-01-2026/...
2026-08-24 11:59:41,194 - INFO - [91/689] Scraping: https://www.sarkariresult.com/upsssc/upsssc-02-exam-2026/
2026-08-24 11:59:42,433 - INFO - Navigating to https://www.sarkariresult.com/upsssc/upsssc-02-exam-2026/...
2026-08-24 11:59:42,672 - INFO - [92/689] Scraping: https://www.sarkariresult.com/2026/nta-csir-net-june2026/
2026-08-24 11:59:43,945 - INFO - Navigating to https://www.sarkariresult.com/2026/nta-csir-net-june2026/...
2026-08-24 11:59:44,049 - INFO - [93/689] Scraping: https://www.sarkariresult.com/2026/nta-ugc-net-june-2026/
2026-08-24 11:59:45,102 - INFO - Navigating to https://www.sarkariresult.com/2026/nta-ugc-net-june-2026/...
2026-08-24 11:59:45,348 - INFO - [94/689] Scraping: https://www.sarkariresult.com/upsssc/upsssc-technical-06-exam-2026/
2026-08-24 11:59:46,520 - INFO - Navigating to https://www.sarkariresult.com/upsssc/upsssc-technical-06-exam-2026/...
2026-08-24 11:59:46,650 - INFO - [95/689] Scraping: https://www.sarkariresult.com/force/afcat-02-2026/
2026-08-24 11:59:48,560 - INFO - Navigating to https://www.sarkariresult.com/force/afcat-02-2026/...
2026-08-24 11:59:48,703 - INFO - [96/689] Scraping: https://www.sarkariresult.com/upsc/upsc-cms-2026/
2026-08-24 11:59:49,638 - INFO - Navigating to https://www.sarkariresult.com/upsc/upsc-cms-2026/...
2026-08-24 11:59:49,774 - INFO - [97/689] Scraping: https://www.sarkariresult.com/railway/rrb-alp-cen-01-2025/
2026-08-24 11:59:51,766 - INFO - Navigating to https://www.sarkariresult.com/railway/rrb-alp-cen-01-2025/...
2026-08-24 11:59:51,911 - INFO - [98/689] Scraping: https://www.sarkariresult.com/railway/rrb-isolated-cen-08-2025/
2026-08-24 11:59:53,572 - INFO - Navigating to https://www.sarkariresult.com/railway/rrb-isolated-cen-08-2025/...
2026-08-24 11:59:53,709 - INFO - [99/689] Scraping: https://www.sarkariresult.com/bihar/patna-hc-computer-operator-2026/
2026-08-24 11:59:54,614 - INFO - Navigating to https://www.sarkariresult.com/bihar/patna-hc-computer-operator-2026/...
2026-08-24 11:59:54,742 - INFO - [100/689] Scraping: https://www.sarkariresult.com/2026/rajasthan-rpsc-senior-teacher-07-2025/
2026-08-24 11:59:56,127 - INFO - Navigating to https://www.sarkariresult.com/2026/rajasthan-rpsc-senior-teacher-07-2025/...
2026-08-24 11:59:56,256 - INFO - [101/689] Scraping: https://www.sarkariresult.com/2026/upessc-uptgt-uppgt-syllabus/
2026-08-24 11:59:57,194 - INFO - Navigating to https://www.sarkariresult.com/2026/upessc-uptgt-uppgt-syllabus/...
2026-08-24 11:59:57,337 - INFO - [102/689] Scraping: https://www.sarkariresult.com/2026/clat-admission-jul26/
2026-08-24 11:59:59,316 - INFO - Navigating to https://www.sarkariresult.com/2026/clat-admission-jul26/...
2026-08-24 11:59:59,450 - INFO - [103/689] Scraping: https://www.sarkariresult.com/2026/upessc-principal-02-2026/
2026-08-24 12:00:00,782 - INFO - Navigating to https://www.sarkariresult.com/2026/upessc-principal-02-2026/...
2026-08-24 12:00:00,870 - INFO - [104/689] Scraping: https://www.sarkariresult.com/2026/rssb-cet-graduate-level-july26/
2026-08-24 12:00:02,436 - INFO - Navigating to https://www.sarkariresult.com/2026/rssb-cet-graduate-level-july26/...
2026-08-24 12:00:02,698 - INFO - [105/689] Scraping: https://www.sarkariresult.com/2026/rssb-cet-june26/
2026-08-24 12:00:04,472 - INFO - Navigating to https://www.sarkariresult.com/2026/rssb-cet-june26/...
2026-08-24 12:00:04,621 - INFO - [106/689] Scraping: https://www.sarkariresult.com/2026/upsssc-14-exam-2026/
2026-08-24 12:00:06,100 - INFO - Navigating to https://www.sarkariresult.com/2026/upsssc-14-exam-2026/...
2026-08-24 12:00:06,225 - INFO - [107/689] Scraping: https://www.sarkariresult.com/2026/ahc-ro-aro-ca-june2026/
2026-08-24 12:00:07,051 - INFO - Navigating to https://www.sarkariresult.com/2026/ahc-ro-aro-ca-june2026/...
2026-08-24 12:00:07,183 - INFO - [108/689] Scraping: https://www.sarkariresult.com/upsssc/upsssc-vidhan-09-exam-2026/
2026-08-24 12:00:08,601 - INFO - Navigating to https://www.sarkariresult.com/upsssc/upsssc-vidhan-09-exam-2026/...
2026-08-24 12:00:08,828 - INFO - [109/689] Scraping: https://www.sarkariresult.com/bihar/phc-technical-assistant-01-2026/
2026-08-24 12:00:10,016 - INFO - Navigating to https://www.sarkariresult.com/bihar/phc-technical-assistant-01-2026/...
2026-08-24 12:00:10,161 - INFO - [110/689] Scraping: https://www.sarkariresult.com/2026/jac-jhtet-2026/
2026-08-24 12:00:11,092 - INFO - Navigating to https://www.sarkariresult.com/2026/jac-jhtet-2026/...
2026-08-24 12:00:11,204 - INFO - [111/689] Scraping: https://www.sarkariresult.com/2026/uptet-2026/
2026-08-24 12:00:12,815 - INFO - Navigating to https://www.sarkariresult.com/2026/uptet-2026/...
2026-08-24 12:00:12,946 - INFO - [112/689] Scraping: https://www.sarkariresult.com/2026/aibe-22nd-august26/
2026-08-24 12:00:14,170 - INFO - Navigating to https://www.sarkariresult.com/2026/aibe-22nd-august26/...
2026-08-24 12:00:14,363 - INFO - [113/689] Scraping: https://www.sarkariresult.com/2027/iit-jam-august26/
2026-08-24 12:00:15,741 - INFO - Navigating to https://www.sarkariresult.com/2027/iit-jam-august26/...
2026-08-24 12:00:16,062 - INFO - [114/689] Scraping: https://www.sarkariresult.com/2027/gate-2027/
2026-08-24 12:00:17,553 - INFO - Navigating to https://www.sarkariresult.com/2027/gate-2027/...
2026-08-24 12:00:17,806 - INFO - [115/689] Scraping: https://www.sarkariresult.com/2026/nvs-class-6th-admission-july26/
2026-08-24 12:00:18,853 - INFO - Navigating to https://www.sarkariresult.com/2026/nvs-class-6th-admission-july26/...
2026-08-24 12:00:18,985 - INFO - [116/689] Scraping: https://www.sarkariresult.com/2026/sav-class-6th-admission-august26/
2026-08-24 12:00:20,360 - INFO - Navigating to https://www.sarkariresult.com/2026/sav-class-6th-admission-august26/...
2026-08-24 12:00:20,493 - INFO - [117/689] Scraping: https://www.sarkariresult.com/2026/upiti-admission-july2026/
2026-08-24 12:00:21,455 - INFO - Navigating to https://www.sarkariresult.com/2026/upiti-admission-july2026/...
2026-08-24 12:00:21,592 - INFO - [118/689] Scraping: https://www.sarkariresult.com/2026/iim-cat-jul26/
2026-08-24 12:00:23,511 - INFO - Navigating to https://www.sarkariresult.com/2026/iim-cat-jul26/...
2026-08-24 12:00:23,646 - INFO - [119/689] Scraping: https://www.sarkariresult.com/2026/au-cuet-ncet-bed-registration-2026/
2026-08-24 12:00:24,949 - INFO - Navigating to https://www.sarkariresult.com/2026/au-cuet-ncet-bed-registration-2026/...
2026-08-24 12:00:25,092 - INFO - [120/689] Scraping: https://www.sarkariresult.com/2026/au-pgat-2026/
2026-08-24 12:00:26,187 - INFO - Navigating to https://www.sarkariresult.com/2026/au-pgat-2026/...
2026-08-24 12:00:26,325 - INFO - [121/689] Scraping: https://www.sarkariresult.com/2026/uprtou-entrance-online-form-july26/
2026-08-24 12:00:27,720 - INFO - Navigating to https://www.sarkariresult.com/2026/uprtou-entrance-online-form-july26/...
2026-08-24 12:00:27,950 - INFO - [122/689] Scraping: https://www.sarkariresult.com/2026/allahabad-university-cuet-july26/
2026-08-24 12:00:29,518 - INFO - Navigating to https://www.sarkariresult.com/2026/allahabad-university-cuet-july26/...
2026-08-24 12:00:29,651 - INFO - [123/689] Scraping: https://www.sarkariresult.com/2026/up-dgmhup-anm-jul26/
2026-08-24 12:00:31,345 - INFO - Navigating to https://www.sarkariresult.com/2026/up-dgmhup-anm-jul26/...
2026-08-24 12:00:31,595 - INFO - [124/689] Scraping: https://www.sarkariresult.com/2026/upbed-2026/
2026-08-24 12:00:32,842 - INFO - Navigating to https://www.sarkariresult.com/2026/upbed-2026/...
2026-08-24 12:00:32,962 - INFO - [125/689] Scraping: https://www.sarkariresult.com/2026/jeecup-2026/
2026-08-24 12:00:33,862 - INFO - Navigating to https://www.sarkariresult.com/2026/jeecup-2026/...
2026-08-24 12:00:34,111 - INFO - [126/689] Scraping: https://www.sarkariresult.com/2026/bihar-iti-cat/
2026-08-24 12:00:35,075 - INFO - Navigating to https://www.sarkariresult.com/2026/bihar-iti-cat/...
2026-08-24 12:00:35,257 - INFO - [127/689] Scraping: https://www.sarkariresult.com/2026/up-gnm-get-2026/
2026-08-24 12:00:37,045 - INFO - Navigating to https://www.sarkariresult.com/2026/up-gnm-get-2026/...
2026-08-24 12:00:37,300 - INFO - [128/689] Scraping: https://www.sarkariresult.com/2026/uprtou-ma-yoga-june-2026/
2026-08-24 12:00:38,971 - INFO - Navigating to https://www.sarkariresult.com/2026/uprtou-ma-yoga-june-2026/...
2026-08-24 12:00:39,095 - INFO - [129/689] Scraping: https://www.sarkariresult.com/2026/abvmu-up-cnet-2026/
2026-08-24 12:00:40,104 - INFO - Navigating to https://www.sarkariresult.com/2026/abvmu-up-cnet-2026/...
2026-08-24 12:00:40,283 - INFO - [130/689] Scraping: https://www.sarkariresult.com/2026/muit-admissions-2026/
2026-08-24 12:00:41,287 - INFO - Navigating to https://www.sarkariresult.com/2026/muit-admissions-2026/...
2026-08-24 12:00:41,427 - INFO - [131/689] Scraping: https://www.sarkariresult.com/2026/uptac-2026-admissions/
2026-08-24 12:00:42,526 - INFO - Navigating to https://www.sarkariresult.com/2026/uptac-2026-admissions/...
2026-08-24 12:00:42,650 - INFO - [132/689] Scraping: https://www.sarkariresult.com/2026/ctet-feb-2026/
2026-08-24 12:00:44,295 - INFO - Navigating to https://www.sarkariresult.com/2026/ctet-feb-2026/...
2026-08-24 12:00:44,418 - INFO - [133/689] Scraping: https://www.sarkariresult.com/2025/nta-csir-ugc-dec2025/
2026-08-24 12:00:45,250 - INFO - Navigating to https://www.sarkariresult.com/2025/nta-csir-ugc-dec2025/...
2026-08-24 12:00:45,377 - INFO - [134/689] Scraping: https://www.sarkariresult.com/2025/ugc-net-december-2025/
2026-08-24 12:00:46,909 - INFO - Navigating to https://www.sarkariresult.com/2025/ugc-net-december-2025/...
2026-08-24 12:00:47,163 - INFO - [135/689] Scraping: https://www.sarkariresult.com/2026/atal-awasiya-vidyalaya-sonbhadra/
2026-08-24 12:00:48,083 - INFO - Navigating to https://www.sarkariresult.com/2026/atal-awasiya-vidyalaya-sonbhadra/...
2026-08-24 12:00:48,208 - INFO - [136/689] Scraping: https://www.sarkariresult.com/2026/atal-awasiya-vidyalaya-gorakhpur/
2026-08-24 12:00:49,991 - INFO - Navigating to https://www.sarkariresult.com/2026/atal-awasiya-vidyalaya-gorakhpur/...
2026-08-24 12:00:50,117 - INFO - [137/689] Scraping: https://www.sarkariresult.com/2026/up-atal-awasiya-moradabad-aug26/
2026-08-24 12:00:52,075 - INFO - Navigating to https://www.sarkariresult.com/2026/up-atal-awasiya-moradabad-aug26/...
2026-08-24 12:00:52,201 - INFO - [138/689] Scraping: https://www.sarkariresult.com/2026/kgbv-shamli-augut26/
2026-08-24 12:00:53,721 - INFO - Navigating to https://www.sarkariresult.com/2026/kgbv-shamli-augut26/...
2026-08-24 12:00:53,953 - INFO - [139/689] Scraping: https://www.sarkariresult.com/2026/up-atal-awasiya-august26/
2026-08-24 12:00:55,366 - INFO - Navigating to https://www.sarkariresult.com/2026/up-atal-awasiya-august26/...
2026-08-24 12:00:55,496 - INFO - [140/689] Scraping: https://www.sarkariresult.com/2026/atal-awasiya-basti-aug26/
2026-08-24 12:00:57,299 - INFO - Navigating to https://www.sarkariresult.com/2026/atal-awasiya-basti-aug26/...
2026-08-24 12:00:57,534 - INFO - [141/689] Scraping: https://www.sarkariresult.com/2026/atal-awasiya-lucknow-aug2026/
2026-08-24 12:00:58,438 - INFO - Navigating to https://www.sarkariresult.com/2026/atal-awasiya-lucknow-aug2026/...
2026-08-24 12:00:58,563 - INFO - [142/689] Scraping: https://www.sarkariresult.com/2026/uttar-pradesh-ecce-educator-august26/
2026-08-24 12:00:59,793 - INFO - Navigating to https://www.sarkariresult.com/2026/uttar-pradesh-ecce-educator-august26/...
2026-08-24 12:00:59,920 - INFO - [143/689] Scraping: https://www.sarkariresult.com/2026/up-ecce-educator-chitrakoot-august26/
2026-08-24 12:01:01,294 - INFO - Navigating to https://www.sarkariresult.com/2026/up-ecce-educator-chitrakoot-august26/...
2026-08-24 12:01:01,516 - INFO - [144/689] Scraping: https://www.sarkariresult.com/2026/upsrtc-bus-conductor-august26/
2026-08-24 12:01:02,380 - INFO - Navigating to https://www.sarkariresult.com/2026/upsrtc-bus-conductor-august26/...
2026-08-24 12:01:02,510 - INFO - [145/689] Scraping: https://www.sarkariresult.com/2026/up-meerut-ecce-educator-august26/
2026-08-24 12:01:03,955 - INFO - Navigating to https://www.sarkariresult.com/2026/up-meerut-ecce-educator-august26/...
2026-08-24 12:01:04,215 - INFO - [146/689] Scraping: https://www.sarkariresult.com/2026/up-sewayojan-vibhag-mts-august26/
2026-08-24 12:01:05,567 - INFO - Navigating to https://www.sarkariresult.com/2026/up-sewayojan-vibhag-mts-august26/...
2026-08-24 12:01:05,692 - INFO - [147/689] Scraping: https://www.sarkariresult.com/2026/up-chitrakoot-ecce-educator-august26/
2026-08-24 12:01:06,723 - INFO - Navigating to https://www.sarkariresult.com/2026/up-chitrakoot-ecce-educator-august26/...
2026-08-24 12:01:06,854 - INFO - [148/689] Scraping: https://www.sarkariresult.com/2026/up-van-nigam-august26/
2026-08-24 12:01:08,060 - INFO - Navigating to https://www.sarkariresult.com/2026/up-van-nigam-august26/...
2026-08-24 12:01:08,290 - INFO - [149/689] Scraping: https://www.sarkariresult.com/2026/drdo-apprentice-aug26/
2026-08-24 12:01:09,651 - INFO - Navigating to https://www.sarkariresult.com/2026/drdo-apprentice-aug26/...
2026-08-24 12:01:09,776 - INFO - [150/689] Scraping: https://www.sarkariresult.com/2026/up-ecce-educator-sant-ravidas-nagar-26/
2026-08-24 12:01:11,038 - INFO - Navigating to https://www.sarkariresult.com/2026/up-ecce-educator-sant-ravidas-nagar-26/...
2026-08-24 12:01:11,176 - INFO - [151/689] Scraping: https://www.sarkariresult.com/2026/kgbv-ambedkar-nagar-july26/
2026-08-24 12:01:12,965 - INFO - Navigating to https://www.sarkariresult.com/2026/kgbv-ambedkar-nagar-july26/...
2026-08-24 12:01:13,174 - INFO - [152/689] Scraping: https://www.sarkariresult.com/2026/kgbv-bareilly-july26/
2026-08-24 12:01:14,493 - INFO - Navigating to https://www.sarkariresult.com/2026/kgbv-bareilly-july26/...
2026-08-24 12:01:14,641 - INFO - [153/689] Scraping: https://www.sarkariresult.com/2026/up-kannauj-ecce-educator-july26/
2026-08-24 12:01:15,770 - INFO - Navigating to https://www.sarkariresult.com/2026/up-kannauj-ecce-educator-july26/...
2026-08-24 12:01:15,888 - INFO - [154/689] Scraping: https://www.sarkariresult.com/2026/mphc-sr-computer-programmer-july26/
2026-08-24 12:01:16,817 - INFO - Navigating to https://www.sarkariresult.com/2026/mphc-sr-computer-programmer-july26/...
2026-08-24 12:01:17,039 - INFO - [155/689] Scraping: https://www.sarkariresult.com/important/
2026-08-24 12:01:18,073 - INFO - Navigating to https://www.sarkariresult.com/important/...
2026-08-24 12:01:18,164 - INFO - Skipping https://www.sarkariresult.com/important/ as it has no importantLinks (empty page)
2026-08-24 12:01:18,164 - INFO - [156/689] Scraping: https://www.sarkariresult.com/2027/up-nursing-council-registration/
2026-08-24 12:01:19,051 - INFO - Navigating to https://www.sarkariresult.com/2027/up-nursing-council-registration/...
2026-08-24 12:01:19,253 - INFO - [157/689] Scraping: https://www.sarkariresult.com/2026/nielit-ccc-july26/
2026-08-24 12:01:20,472 - INFO - Navigating to https://www.sarkariresult.com/2026/nielit-ccc-july26/...
2026-08-24 12:01:20,596 - INFO - [158/689] Scraping: https://www.sarkariresult.com/2026/up-self-enumeration/
2026-08-24 12:01:21,719 - INFO - Navigating to https://www.sarkariresult.com/2026/up-self-enumeration/...
2026-08-24 12:01:21,844 - INFO - [159/689] Scraping: https://www.sarkariresult.com/2026/nielit-ccc-online-form/
2026-08-24 12:01:23,187 - INFO - Navigating to https://www.sarkariresult.com/2026/nielit-ccc-online-form/...
2026-08-24 12:01:23,446 - INFO - [160/689] Scraping: https://www.sarkariresult.com/mp/mp-cpct-2026/
2026-08-24 12:01:25,071 - INFO - Navigating to https://www.sarkariresult.com/mp/mp-cpct-2026/...
2026-08-24 12:01:25,198 - INFO - Skipping https://www.sarkariresult.com/mp/mp-cpct-2026/ as it has no importantLinks (empty page)
2026-08-24 12:01:25,199 - INFO - [161/689] Scraping: https://www.sarkariresult.com/2026/isro-various-post-jul26/
2026-08-24 12:01:26,196 - INFO - Navigating to https://www.sarkariresult.com/2026/isro-various-post-jul26/...
2026-08-24 12:01:26,417 - INFO - [162/689] Scraping: https://www.sarkariresult.com/2026/up-ground-water-department-mts-august26/
2026-08-24 12:01:27,450 - INFO - Navigating to https://www.sarkariresult.com/2026/up-ground-water-department-mts-august26/...
2026-08-24 12:01:27,574 - INFO - [163/689] Scraping: https://www.sarkariresult.com/2026/up-unnao-ecce-educator-aug26/
2026-08-24 12:01:29,379 - INFO - Navigating to https://www.sarkariresult.com/2026/up-unnao-ecce-educator-aug26/...
2026-08-24 12:01:29,508 - INFO - [164/689] Scraping: https://www.sarkariresult.com/2026/up-bijnor-ecce-educator-july26/
2026-08-24 12:01:31,006 - INFO - Navigating to https://www.sarkariresult.com/2026/up-bijnor-ecce-educator-july26/...
2026-08-24 12:01:31,160 - INFO - [165/689] Scraping: https://www.sarkariresult.com/2026/upsrtc-bus-conductor-august2026/
2026-08-24 12:01:32,334 - INFO - Navigating to https://www.sarkariresult.com/2026/upsrtc-bus-conductor-august2026/...
2026-08-24 12:01:32,474 - INFO - [166/689] Scraping: https://www.sarkariresult.com/2026/icsi-executive-assistant-july26/
2026-08-24 12:01:33,903 - INFO - Navigating to https://www.sarkariresult.com/2026/icsi-executive-assistant-july26/...
2026-08-24 12:01:34,117 - INFO - [167/689] Scraping: https://www.sarkariresult.com/2026/wcl-various-post-july26/
2026-08-24 12:01:35,752 - INFO - Navigating to https://www.sarkariresult.com/2026/wcl-various-post-july26/...
2026-08-24 12:01:35,884 - INFO - [168/689] Scraping: https://www.sarkariresult.com/2026/upeida-various-post-aug26/
2026-08-24 12:01:36,740 - INFO - Navigating to https://www.sarkariresult.com/2026/upeida-various-post-aug26/...
2026-08-24 12:01:37,001 - INFO - [169/689] Scraping: https://www.sarkariresult.com/2026/upscidc-various-post-aug2026/
2026-08-24 12:01:37,956 - INFO - Navigating to https://www.sarkariresult.com/2026/upscidc-various-post-aug2026/...
2026-08-24 12:01:38,104 - INFO - [170/689] Scraping: https://www.sarkariresult.com/2026/up-kaushal-vikas-mission-aug26/
2026-08-24 12:01:39,982 - INFO - Navigating to https://www.sarkariresult.com/2026/up-kaushal-vikas-mission-aug26/...
2026-08-24 12:01:40,125 - INFO - [171/689] Scraping: https://www.sarkariresult.com/2026/bank-of-baroda-so-august26/
2026-08-24 12:01:41,599 - INFO - Navigating to https://www.sarkariresult.com/2026/bank-of-baroda-so-august26/...
2026-08-24 12:01:41,747 - INFO - [172/689] Scraping: https://www.sarkariresult.com/2026/kgbv-banda-july26/
2026-08-24 12:01:43,175 - INFO - Navigating to https://www.sarkariresult.com/2026/kgbv-banda-july26/...
2026-08-24 12:01:43,320 - INFO - [173/689] Scraping: https://www.sarkariresult.com/2026/up-bahraich-ecce-educator-august26/
2026-08-24 12:01:44,547 - INFO - Navigating to https://www.sarkariresult.com/2026/up-bahraich-ecce-educator-august26/...
2026-08-24 12:01:44,677 - INFO - [174/689] Scraping: https://www.sarkariresult.com/2026/up-environment-department-jrf-august26/
2026-08-24 12:01:45,613 - INFO - Navigating to https://www.sarkariresult.com/2026/up-environment-department-jrf-august26/...
2026-08-24 12:01:45,742 - INFO - [175/689] Scraping: https://www.sarkariresult.com/2026/up-ghazipur-ecce-educator-agust26/
2026-08-24 12:01:47,044 - INFO - Navigating to https://www.sarkariresult.com/2026/up-ghazipur-ecce-educator-agust26/...
2026-08-24 12:01:47,285 - INFO - [176/689] Scraping: https://www.sarkariresult.com/2026/up-tourism-department-peon-august26/
2026-08-24 12:01:48,714 - INFO - Navigating to https://www.sarkariresult.com/2026/up-tourism-department-peon-august26/...
2026-08-24 12:01:48,847 - INFO - [177/689] Scraping: https://www.sarkariresult.com/2026/up-ecce-educator-august26/
2026-08-24 12:01:50,143 - INFO - Navigating to https://www.sarkariresult.com/2026/up-ecce-educator-august26/...
2026-08-24 12:01:50,389 - INFO - [178/689] Scraping: https://www.sarkariresult.com/2026/sjvn-various-jul26/
2026-08-24 12:01:51,456 - INFO - Navigating to https://www.sarkariresult.com/2026/sjvn-various-jul26/...
2026-08-24 12:01:51,654 - INFO - [179/689] Scraping: https://www.sarkariresult.com/2026/uppsc-a3-e1-2026-august/
2026-08-24 12:01:52,638 - INFO - Navigating to https://www.sarkariresult.com/2026/uppsc-a3-e1-2026-august/...
2026-08-24 12:01:52,770 - INFO - [180/689] Scraping: https://www.sarkariresult.com/2026/uppsc-various-post-a2-e1-2026/
2026-08-24 12:01:54,169 - INFO - Navigating to https://www.sarkariresult.com/2026/uppsc-various-post-a2-e1-2026/...
2026-08-24 12:01:54,304 - INFO - [181/689] Scraping: https://www.sarkariresult.com/2026/upsc-ora-51-2026-august26/
2026-08-24 12:01:55,262 - INFO - Navigating to https://www.sarkariresult.com/2026/upsc-ora-51-2026-august26/...
2026-08-24 12:01:55,394 - INFO - [182/689] Scraping: https://www.sarkariresult.com/2026/hartron-junior-programmer-august26/
2026-08-24 12:01:56,539 - INFO - Navigating to https://www.sarkariresult.com/2026/hartron-junior-programmer-august26/...
2026-08-24 12:01:56,755 - INFO - [183/689] Scraping: https://www.sarkariresult.com/2026/upsrtc-bus-conductor-july-2026/
2026-08-24 12:01:57,648 - INFO - Navigating to https://www.sarkariresult.com/2026/upsrtc-bus-conductor-july-2026/...
2026-08-24 12:01:57,767 - INFO - [184/689] Scraping: https://www.sarkariresult.com/2026/skau-non-teaching-post-july26/
2026-08-24 12:01:58,704 - INFO - Navigating to https://www.sarkariresult.com/2026/skau-non-teaching-post-july26/...
2026-08-24 12:01:58,832 - INFO - [185/689] Scraping: https://www.sarkariresult.com/2026/up-upsrlm-various-post-july26/
2026-08-24 12:02:00,427 - INFO - Navigating to https://www.sarkariresult.com/2026/up-upsrlm-various-post-july26/...
2026-08-24 12:02:00,563 - INFO - [186/689] Scraping: https://www.sarkariresult.com/2026/rajasthan-set-jun/
2026-08-24 12:02:01,424 - INFO - Navigating to https://www.sarkariresult.com/2026/rajasthan-set-jun/...
2026-08-24 12:02:01,560 - INFO - [187/689] Scraping: https://www.sarkariresult.com/2026/isro-icrb-scientist-engineer-july26/
2026-08-24 12:02:02,703 - INFO - Navigating to https://www.sarkariresult.com/2026/isro-icrb-scientist-engineer-july26/...
2026-08-24 12:02:02,935 - INFO - [188/689] Scraping: https://www.sarkariresult.com/2026/up-election-commission-ca-july26/
2026-08-24 12:02:03,825 - INFO - Navigating to https://www.sarkariresult.com/2026/up-election-commission-ca-july26/...
2026-08-24 12:02:03,953 - INFO - [189/689] Scraping: https://www.sarkariresult.com/2026/ccrum-various-post-jul26/
2026-08-24 12:02:05,627 - INFO - Navigating to https://www.sarkariresult.com/2026/ccrum-various-post-jul26/...
2026-08-24 12:02:05,877 - INFO - [190/689] Scraping: https://www.sarkariresult.com/2026/isro-ursc-apprentice-jul26/
2026-08-24 12:02:07,201 - INFO - Navigating to https://www.sarkariresult.com/2026/isro-ursc-apprentice-jul26/...
2026-08-24 12:02:07,318 - INFO - [191/689] Scraping: https://www.sarkariresult.com/2026/uppsc-2026-pre-exam/
2026-08-24 12:02:09,248 - INFO - Navigating to https://www.sarkariresult.com/2026/uppsc-2026-pre-exam/...
2026-08-24 12:02:09,488 - INFO - [192/689] Scraping: https://www.sarkariresult.com/2026/chhattisgarh-set-jul26/
2026-08-24 12:02:10,515 - INFO - Navigating to https://www.sarkariresult.com/2026/chhattisgarh-set-jul26/...
2026-08-24 12:02:10,639 - INFO - [193/689] Scraping: https://www.sarkariresult.com/2026/jnu-non-teaching-june26/
2026-08-24 12:02:12,515 - INFO - Navigating to https://www.sarkariresult.com/2026/jnu-non-teaching-june26/...
2026-08-24 12:02:12,626 - INFO - [194/689] Scraping: https://www.sarkariresult.com/2026/indian-navy-ssc-june2027-at27/
2026-08-24 12:02:14,275 - INFO - Navigating to https://www.sarkariresult.com/2026/indian-navy-ssc-june2027-at27/...
2026-08-24 12:02:14,410 - INFO - [195/689] Scraping: https://www.sarkariresult.com/2026/nmdc-executive-trainee-july26/
2026-08-24 12:02:16,167 - INFO - Navigating to https://www.sarkariresult.com/2026/nmdc-executive-trainee-july26/...
2026-08-24 12:02:16,305 - INFO - [196/689] Scraping: https://www.sarkariresult.com/2026/aiims-norcet-11th-july26/
2026-08-24 12:02:17,884 - INFO - Navigating to https://www.sarkariresult.com/2026/aiims-norcet-11th-july26/...
2026-08-24 12:02:18,056 - INFO - [197/689] Scraping: https://www.sarkariresult.com/2026/sail-rourkela-apprentice-july26/
2026-08-24 12:02:18,879 - INFO - Navigating to https://www.sarkariresult.com/2026/sail-rourkela-apprentice-july26/...
2026-08-24 12:02:19,147 - INFO - [198/689] Scraping: https://www.sarkariresult.com/2026/upsrtc-bus-conductor-bharti-july26/
2026-08-24 12:02:20,385 - INFO - Navigating to https://www.sarkariresult.com/2026/upsrtc-bus-conductor-bharti-july26/...
2026-08-24 12:02:20,517 - INFO - [199/689] Scraping: https://www.sarkariresult.com/2026/rpsc-physiotherapist-nsa-july26/
2026-08-24 12:02:22,389 - INFO - Navigating to https://www.sarkariresult.com/2026/rpsc-physiotherapist-nsa-july26/...
2026-08-24 12:02:22,614 - INFO - [200/689] Scraping: https://www.sarkariresult.com/2026/up-ecce-educator-lakhimpur-kheri-july26/
2026-08-24 12:02:23,724 - INFO - Navigating to https://www.sarkariresult.com/2026/up-ecce-educator-lakhimpur-kheri-july26/...
2026-08-24 12:02:23,814 - INFO - [201/689] Scraping: https://www.sarkariresult.com/2026/union-bank-of-india-ubi-so-july26/
2026-08-24 12:02:25,433 - INFO - Navigating to https://www.sarkariresult.com/2026/union-bank-of-india-ubi-so-july26/...
2026-08-24 12:02:25,672 - INFO - [202/689] Scraping: https://www.sarkariresult.com/2026/join-indian-army-special-entry-july26/
2026-08-24 12:02:26,962 - INFO - Navigating to https://www.sarkariresult.com/2026/join-indian-army-special-entry-july26/...
2026-08-24 12:02:27,089 - INFO - [203/689] Scraping: https://www.sarkariresult.com/2026/iob-apprentice-july26/
2026-08-24 12:02:27,912 - INFO - Navigating to https://www.sarkariresult.com/2026/iob-apprentice-july26/...
2026-08-24 12:02:28,041 - INFO - [204/689] Scraping: https://www.sarkariresult.com/2026/igcar-apprentice-july26/
2026-08-24 12:02:29,662 - INFO - Navigating to https://www.sarkariresult.com/2026/igcar-apprentice-july26/...
2026-08-24 12:02:29,784 - INFO - [205/689] Scraping: https://www.sarkariresult.com/2026/mpesb-group2-sub1-krashi-vistar/
2026-08-24 12:02:31,258 - INFO - Navigating to https://www.sarkariresult.com/2026/mpesb-group2-sub1-krashi-vistar/...
2026-08-24 12:02:31,396 - INFO - [206/689] Scraping: https://www.sarkariresult.com/2026/join-indian-army-jag-125-entry-july26/
2026-08-24 12:02:33,340 - INFO - Navigating to https://www.sarkariresult.com/2026/join-indian-army-jag-125-entry-july26/...
2026-08-24 12:02:33,472 - INFO - [207/689] Scraping: https://www.sarkariresult.com/2026/rajasthan-high-court-july26/
2026-08-24 12:02:35,185 - INFO - Navigating to https://www.sarkariresult.com/2026/rajasthan-high-court-july26/...
2026-08-24 12:02:35,325 - INFO - [208/689] Scraping: https://www.sarkariresult.com/2026/icert-scientist-b-july26/
2026-08-24 12:02:36,706 - INFO - Navigating to https://www.sarkariresult.com/2026/icert-scientist-b-july26/...
2026-08-24 12:02:36,950 - INFO - [209/689] Scraping: https://www.sarkariresult.com/2026/dcb-ae-and-je-july26/
2026-08-24 12:02:38,699 - INFO - Navigating to https://www.sarkariresult.com/2026/dcb-ae-and-je-july26/...
2026-08-24 12:02:38,788 - INFO - [210/689] Scraping: https://www.sarkariresult.com/2026/up-gorakhpur-ecce-educator-july26/
2026-08-24 12:02:40,787 - INFO - Navigating to https://www.sarkariresult.com/2026/up-gorakhpur-ecce-educator-july26/...
2026-08-24 12:02:40,947 - INFO - [211/689] Scraping: https://www.sarkariresult.com/2026/up-ecce-educator-july26/
2026-08-24 12:02:42,079 - INFO - Navigating to https://www.sarkariresult.com/2026/up-ecce-educator-july26/...
2026-08-24 12:02:42,209 - INFO - [212/689] Scraping: https://www.sarkariresult.com/2026/mppsc-atp-july26/
2026-08-24 12:02:43,799 - INFO - Navigating to https://www.sarkariresult.com/2026/mppsc-atp-july26/...
2026-08-24 12:02:43,992 - INFO - [213/689] Scraping: https://www.sarkariresult.com/2026/upsrtc-meerut-bus-conductor-july26/
2026-08-24 12:02:45,916 - INFO - Navigating to https://www.sarkariresult.com/2026/upsrtc-meerut-bus-conductor-july26/...
2026-08-24 12:02:46,036 - INFO - [214/689] Scraping: https://www.sarkariresult.com/2026/up-amethi-ecce-educator-form-2026/
2026-08-24 12:02:47,171 - INFO - Navigating to https://www.sarkariresult.com/2026/up-amethi-ecce-educator-form-2026/...
2026-08-24 12:02:47,300 - INFO - [215/689] Scraping: https://www.sarkariresult.com/2026/uttarakhand-utet-2026/
2026-08-24 12:02:48,423 - INFO - Navigating to https://www.sarkariresult.com/2026/uttarakhand-utet-2026/...
2026-08-24 12:02:48,544 - INFO - [216/689] Scraping: https://www.sarkariresult.com/upsssc/upsssc-pet-all-form-2026/
2026-08-24 12:02:50,055 - INFO - Navigating to https://www.sarkariresult.com/upsssc/upsssc-pet-all-form-2026/...
2026-08-24 12:02:50,312 - INFO - [217/689] Scraping: https://www.sarkariresult.com/2026/rrb-section-controller-03-2026/
2026-08-24 12:02:51,818 - INFO - Navigating to https://www.sarkariresult.com/2026/rrb-section-controller-03-2026/...
2026-08-24 12:02:52,023 - INFO - [218/689] Scraping: https://www.sarkariresult.com/2026/upsssc-otr-online-form-2026/
2026-08-24 12:02:53,343 - INFO - Navigating to https://www.sarkariresult.com/2026/upsssc-otr-online-form-2026/...
2026-08-24 12:02:53,573 - INFO - [219/689] Scraping: https://www.sarkariresult.com/2026/join-indian-army-july26/
2026-08-24 12:02:54,522 - INFO - Navigating to https://www.sarkariresult.com/2026/join-indian-army-july26/...
2026-08-24 12:02:54,658 - INFO - [220/689] Scraping: https://www.sarkariresult.com/2026/upsrtc-conductor-gkp-july26/
2026-08-24 12:02:56,148 - INFO - Navigating to https://www.sarkariresult.com/2026/upsrtc-conductor-gkp-july26/...
2026-08-24 12:02:56,282 - INFO - [221/689] Scraping: https://www.sarkariresult.com/2026/bpssc-bihar-fro-july26/
2026-08-24 12:02:57,384 - INFO - Navigating to https://www.sarkariresult.com/2026/bpssc-bihar-fro-july26/...
2026-08-24 12:02:57,519 - INFO - [222/689] Scraping: https://www.sarkariresult.com/2026/up-kushinagar-ecce-educator-july26/
2026-08-24 12:02:58,633 - INFO - Navigating to https://www.sarkariresult.com/2026/up-kushinagar-ecce-educator-july26/...
2026-08-24 12:02:58,757 - INFO - [223/689] Scraping: https://www.sarkariresult.com/2026/idbi-bank-so-july26/
2026-08-24 12:02:59,587 - INFO - Navigating to https://www.sarkariresult.com/2026/idbi-bank-so-july26/...
2026-08-24 12:02:59,822 - INFO - [224/689] Scraping: https://www.sarkariresult.com/mp/mppsc-adpo-2026/
2026-08-24 12:03:01,484 - INFO - Navigating to https://www.sarkariresult.com/mp/mppsc-adpo-2026/...
2026-08-24 12:03:01,615 - INFO - [225/689] Scraping: https://www.sarkariresult.com/2026/up-lalitpur-ecce-educator-july26/
2026-08-24 12:03:02,489 - INFO - Navigating to https://www.sarkariresult.com/2026/up-lalitpur-ecce-educator-july26/...
2026-08-24 12:03:02,748 - INFO - [226/689] Scraping: https://www.sarkariresult.com/2025/upessc-asst-professor-51/
2026-08-24 12:03:04,074 - INFO - Navigating to https://www.sarkariresult.com/2025/upessc-asst-professor-51/...
2026-08-24 12:03:04,199 - INFO - [227/689] Scraping: https://www.sarkariresult.com/2026/upsrtc-bus-conductor-kanpur-july26/
2026-08-24 12:03:05,355 - INFO - Navigating to https://www.sarkariresult.com/2026/upsrtc-bus-conductor-kanpur-july26/...
2026-08-24 12:03:05,478 - INFO - [228/689] Scraping: https://www.sarkariresult.com/2026/hssc-group-d-05-2026/
2026-08-24 12:03:07,124 - INFO - Navigating to https://www.sarkariresult.com/2026/hssc-group-d-05-2026/...
2026-08-24 12:03:07,234 - INFO - [229/689] Scraping: https://www.sarkariresult.com/upsssc/upsssc-cane-13-exam-2026/
2026-08-24 12:03:08,288 - INFO - Navigating to https://www.sarkariresult.com/upsssc/upsssc-cane-13-exam-2026/...
2026-08-24 12:03:08,420 - INFO - [230/689] Scraping: https://www.sarkariresult.com/2026/kgbv-hamirpur-jul26/
2026-08-24 12:03:09,443 - INFO - Navigating to https://www.sarkariresult.com/2026/kgbv-hamirpur-jul26/...
2026-08-24 12:03:09,668 - INFO - [231/689] Scraping: https://www.sarkariresult.com/2026/kgbv-saharanpur-jul2026/
2026-08-24 12:03:11,645 - INFO - Navigating to https://www.sarkariresult.com/2026/kgbv-saharanpur-jul2026/...
2026-08-24 12:03:11,771 - INFO - [232/689] Scraping: https://www.sarkariresult.com/2026/bihar-bsusc-ap-june26/
2026-08-24 12:03:12,849 - INFO - Navigating to https://www.sarkariresult.com/2026/bihar-bsusc-ap-june26/...
2026-08-24 12:03:12,978 - INFO - [233/689] Scraping: https://www.sarkariresult.com/2026/indian-air-force-medical-assistant/
2026-08-24 12:03:14,163 - INFO - Navigating to https://www.sarkariresult.com/2026/indian-air-force-medical-assistant/...
2026-08-24 12:03:14,314 - INFO - [234/689] Scraping: https://www.sarkariresult.com/force/indian-airforce-agniveervayu-02-2027/
2026-08-24 12:03:15,204 - INFO - Navigating to https://www.sarkariresult.com/force/indian-airforce-agniveervayu-02-2027/...
2026-08-24 12:03:15,431 - INFO - [235/689] Scraping: https://www.sarkariresult.com/2026/bpssc-si-advt-09-2026/
2026-08-24 12:03:16,266 - INFO - Navigating to https://www.sarkariresult.com/2026/bpssc-si-advt-09-2026/...
2026-08-24 12:03:16,521 - INFO - [236/689] Scraping: https://www.sarkariresult.com/2026/mp-anganwadi-helper-jul26/
2026-08-24 12:03:17,436 - INFO - Navigating to https://www.sarkariresult.com/2026/mp-anganwadi-helper-jul26/...
2026-08-24 12:03:17,577 - INFO - [237/689] Scraping: https://www.sarkariresult.com/2026/kgbv-pratapgarh-jun26/
2026-08-24 12:03:18,885 - INFO - Navigating to https://www.sarkariresult.com/2026/kgbv-pratapgarh-jun26/...
2026-08-24 12:03:19,012 - INFO - [238/689] Scraping: https://www.sarkariresult.com/upsssc/upsssc-forest-guard-12-exam-2026/
2026-08-24 12:03:20,694 - INFO - Navigating to https://www.sarkariresult.com/upsssc/upsssc-forest-guard-12-exam-2026/...
2026-08-24 12:03:20,817 - INFO - [239/689] Scraping: https://www.sarkariresult.com/railway/rrb-technician-cen-02-2026/
2026-08-24 12:03:22,788 - INFO - Navigating to https://www.sarkariresult.com/railway/rrb-technician-cen-02-2026/...
2026-08-24 12:03:22,884 - INFO - [240/689] Scraping: https://www.sarkariresult.com/2026/ntpc-act-june26/
2026-08-24 12:03:24,807 - INFO - Navigating to https://www.sarkariresult.com/2026/ntpc-act-june26/...
2026-08-24 12:03:24,936 - INFO - [241/689] Scraping: https://www.sarkariresult.com/2026/up-ecce-educator-june26/
2026-08-24 12:03:26,623 - INFO - Navigating to https://www.sarkariresult.com/2026/up-ecce-educator-june26/...
2026-08-24 12:03:26,747 - INFO - [242/689] Scraping: https://www.sarkariresult.com/2026/upsrtc-conductor-jun26/
2026-08-24 12:03:28,490 - INFO - Navigating to https://www.sarkariresult.com/2026/upsrtc-conductor-jun26/...
2026-08-24 12:03:28,612 - INFO - [243/689] Scraping: https://www.sarkariresult.com/2026/up-bijnor-educator-jun26/
2026-08-24 12:03:29,771 - INFO - Navigating to https://www.sarkariresult.com/2026/up-bijnor-educator-jun26/...
2026-08-24 12:03:29,895 - INFO - [244/689] Scraping: https://www.sarkariresult.com/2026/ecece-educator-maharajganj-june26/
2026-08-24 12:03:31,834 - INFO - Navigating to https://www.sarkariresult.com/2026/ecece-educator-maharajganj-june26/...
2026-08-24 12:03:31,961 - INFO - [245/689] Scraping: https://www.sarkariresult.com/2026/nael-aerospace-june26/
2026-08-24 12:03:33,063 - INFO - Navigating to https://www.sarkariresult.com/2026/nael-aerospace-june26/...
2026-08-24 12:03:33,160 - INFO - [246/689] Scraping: https://www.sarkariresult.com/2026/isro-istrac-various-post-june26/
2026-08-24 12:03:34,915 - INFO - Navigating to https://www.sarkariresult.com/2026/isro-istrac-various-post-june26/...
2026-08-24 12:03:35,164 - INFO - [247/689] Scraping: https://www.sarkariresult.com/2026/pm-shri-school-jun26/
2026-08-24 12:03:36,984 - INFO - Navigating to https://www.sarkariresult.com/2026/pm-shri-school-jun26/...
2026-08-24 12:03:37,113 - INFO - [248/689] Scraping: https://www.sarkariresult.com/2026/bpssc-company-commander-08-2026/
2026-08-24 12:03:38,074 - INFO - Navigating to https://www.sarkariresult.com/2026/bpssc-company-commander-08-2026/...
2026-08-24 12:03:38,292 - INFO - [249/689] Scraping: https://www.sarkariresult.com/2026/police-modern-school-prayagraj-2026/
2026-08-24 12:03:39,927 - INFO - Navigating to https://www.sarkariresult.com/2026/police-modern-school-prayagraj-2026/...
2026-08-24 12:03:40,055 - INFO - [250/689] Scraping: https://www.sarkariresult.com/2026/kgbv-varanasi-june26/
2026-08-24 12:03:41,817 - INFO - Navigating to https://www.sarkariresult.com/2026/kgbv-varanasi-june26/...
2026-08-24 12:03:42,080 - INFO - [251/689] Scraping: https://www.sarkariresult.com/2026/up-ecce-educator-noida-june26/
2026-08-24 12:03:43,737 - INFO - Navigating to https://www.sarkariresult.com/2026/up-ecce-educator-noida-june26/...
2026-08-24 12:03:43,827 - INFO - [252/689] Scraping: https://www.sarkariresult.com/2026/ecece-educator-prayagraj-june26/
2026-08-24 12:03:44,932 - INFO - Navigating to https://www.sarkariresult.com/2026/ecece-educator-prayagraj-june26/...
2026-08-24 12:03:45,198 - INFO - [253/689] Scraping: https://www.sarkariresult.com/2026/hssc-group-c-phase-ii-june26/
2026-08-24 12:03:46,834 - INFO - Navigating to https://www.sarkariresult.com/2026/hssc-group-c-phase-ii-june26/...
2026-08-24 12:03:46,964 - INFO - [254/689] Scraping: https://www.sarkariresult.com/ssc/ssc-cgl-2026/
2026-08-24 12:03:48,132 - INFO - Navigating to https://www.sarkariresult.com/ssc/ssc-cgl-2026/...
2026-08-24 12:03:48,272 - INFO - [255/689] Scraping: https://www.sarkariresult.com/mp/mp-primary-teacher-pstst-2025/
2026-08-24 12:03:49,832 - INFO - Navigating to https://www.sarkariresult.com/mp/mp-primary-teacher-pstst-2025/...
2026-08-24 12:03:49,965 - INFO - [256/689] Scraping: https://www.sarkariresult.com/2025/uppsc-lt-grade-teacher-2025/
2026-08-24 12:03:51,084 - INFO - Navigating to https://www.sarkariresult.com/2025/uppsc-lt-grade-teacher-2025/...
2026-08-24 12:03:51,227 - INFO - [257/689] Scraping: https://www.sarkariresult.com/2026/csir-aso-june26/
2026-08-24 12:03:52,520 - INFO - Navigating to https://www.sarkariresult.com/2026/csir-aso-june26/...
2026-08-24 12:03:52,650 - INFO - [258/689] Scraping: https://www.sarkariresult.com/2026/niacl-apprentices-june26/
2026-08-24 12:03:54,100 - INFO - Navigating to https://www.sarkariresult.com/2026/niacl-apprentices-june26/...
2026-08-24 12:03:54,238 - INFO - [259/689] Scraping: https://www.sarkariresult.com/2026/cbi-apprentice-june-2026/
2026-08-24 12:03:55,327 - INFO - Navigating to https://www.sarkariresult.com/2026/cbi-apprentice-june-2026/...
2026-08-24 12:03:55,595 - INFO - [260/689] Scraping: https://www.sarkariresult.com/2026/cgpsc-adpo-june-2026/
2026-08-24 12:03:56,851 - INFO - Navigating to https://www.sarkariresult.com/2026/cgpsc-adpo-june-2026/...
2026-08-24 12:03:56,978 - INFO - [261/689] Scraping: https://www.sarkariresult.com/2026/upsrtc-conductor-june26/
2026-08-24 12:03:57,881 - INFO - Navigating to https://www.sarkariresult.com/2026/upsrtc-conductor-june26/...
2026-08-24 12:03:58,146 - INFO - [262/689] Scraping: https://www.sarkariresult.com/2026/kgbv-sultanpur-june26/
2026-08-24 12:03:59,535 - INFO - Navigating to https://www.sarkariresult.com/2026/kgbv-sultanpur-june26/...
2026-08-24 12:03:59,887 - INFO - [263/689] Scraping: https://www.sarkariresult.com/2026/kasturba-gandhi-chitrakoot-june26/
2026-08-24 12:04:01,255 - INFO - Navigating to https://www.sarkariresult.com/2026/kasturba-gandhi-chitrakoot-june26/...
2026-08-24 12:04:01,387 - INFO - [264/689] Scraping: https://www.sarkariresult.com/2026/kasturba-gandhi-ayodhya-june26/
2026-08-24 12:04:02,531 - INFO - Navigating to https://www.sarkariresult.com/2026/kasturba-gandhi-ayodhya-june26/...
2026-08-24 12:04:02,660 - INFO - [265/689] Scraping: https://www.sarkariresult.com/2026/mppsc-sse-mains-2025-june26/
2026-08-24 12:04:03,777 - INFO - Navigating to https://www.sarkariresult.com/2026/mppsc-sse-mains-2025-june26/...
2026-08-24 12:04:04,037 - INFO - [266/689] Scraping: https://www.sarkariresult.com/force/navy-btech-jan2027/
2026-08-24 12:04:04,936 - INFO - Navigating to https://www.sarkariresult.com/force/navy-btech-jan2027/...
2026-08-24 12:04:05,210 - INFO - [267/689] Scraping: https://www.sarkariresult.com/2026/upsrlm-outsourcing-jobs-june26/
2026-08-24 12:04:06,831 - INFO - Navigating to https://www.sarkariresult.com/2026/upsrlm-outsourcing-jobs-june26/...
2026-08-24 12:04:07,073 - INFO - [268/689] Scraping: https://www.sarkariresult.com/2026/sbi-po-june26/
2026-08-24 12:04:09,027 - INFO - Navigating to https://www.sarkariresult.com/2026/sbi-po-june26/...
2026-08-24 12:04:09,130 - INFO - [269/689] Scraping: https://www.sarkariresult.com/2026/bob-c-and-ic-june-2026/
2026-08-24 12:04:11,108 - INFO - Navigating to https://www.sarkariresult.com/2026/bob-c-and-ic-june-2026/...
2026-08-24 12:04:11,236 - INFO - [270/689] Scraping: https://www.sarkariresult.com/2026/upsssc-10-exam-2026/
2026-08-24 12:04:12,373 - INFO - Navigating to https://www.sarkariresult.com/2026/upsssc-10-exam-2026/...
2026-08-24 12:04:12,479 - INFO - [271/689] Scraping: https://www.sarkariresult.com/2026/lakshmibai-college-teaching-post-june-2026/
2026-08-24 12:04:14,010 - INFO - Navigating to https://www.sarkariresult.com/2026/lakshmibai-college-teaching-post-june-2026/...
2026-08-24 12:04:14,157 - INFO - [272/689] Scraping: https://www.sarkariresult.com/2026/ctet-september-2026/
2026-08-24 12:04:15,797 - INFO - Navigating to https://www.sarkariresult.com/2026/ctet-september-2026/...
2026-08-24 12:04:15,928 - INFO - [273/689] Scraping: https://www.sarkariresult.com/2026/jipmer-non-faculty-june-2026/
2026-08-24 12:04:17,704 - INFO - Navigating to https://www.sarkariresult.com/2026/jipmer-non-faculty-june-2026/...
2026-08-24 12:04:17,840 - INFO - [274/689] Scraping: https://www.sarkariresult.com/2026/mppsc-assistant-professor-june26/
2026-08-24 12:04:19,500 - INFO - Navigating to https://www.sarkariresult.com/2026/mppsc-assistant-professor-june26/...
2026-08-24 12:04:19,630 - INFO - [275/689] Scraping: https://www.sarkariresult.com/2026/up-sewayojan-mts-june26/
2026-08-24 12:04:21,190 - INFO - Navigating to https://www.sarkariresult.com/2026/up-sewayojan-mts-june26/...
2026-08-24 12:04:21,330 - INFO - [276/689] Scraping: https://www.sarkariresult.com/2026/up-sewayojna-mts/
2026-08-24 12:04:22,438 - INFO - Navigating to https://www.sarkariresult.com/2026/up-sewayojna-mts/...
2026-08-24 12:04:23,013 - INFO - Skipping https://www.sarkariresult.com/2026/up-sewayojna-mts/ as it has no importantLinks (empty page)
2026-08-24 12:04:23,013 - INFO - [277/689] Scraping: https://www.sarkariresult.com/2026/nalco-non-executive-may26/
2026-08-24 12:04:24,734 - INFO - Navigating to https://www.sarkariresult.com/2026/nalco-non-executive-may26/...
2026-08-24 12:04:24,865 - INFO - [278/689] Scraping: https://www.sarkariresult.com/2026/rpsc-apo-june26/
2026-08-24 12:04:26,722 - INFO - Navigating to https://www.sarkariresult.com/2026/rpsc-apo-june26/...
2026-08-24 12:04:26,840 - INFO - [279/689] Scraping: https://www.sarkariresult.com/bank/bob-apprentices-2026/
2026-08-24 12:04:28,746 - INFO - Navigating to https://www.sarkariresult.com/bank/bob-apprentices-2026/...
2026-08-24 12:04:28,873 - INFO - [280/689] Scraping: https://www.sarkariresult.com/2026/hcl-executive-june-2026/
2026-08-24 12:04:30,135 - INFO - Navigating to https://www.sarkariresult.com/2026/hcl-executive-june-2026/...
2026-08-24 12:04:30,383 - INFO - [281/689] Scraping: https://www.sarkariresult.com/2026/cisf-paramadical-june-2026/
2026-08-24 12:04:31,365 - INFO - Navigating to https://www.sarkariresult.com/2026/cisf-paramadical-june-2026/...
2026-08-24 12:04:31,502 - INFO - [282/689] Scraping: https://www.sarkariresult.com/2026/kasturba-kushinagar-june26/
2026-08-24 12:04:32,412 - INFO - Navigating to https://www.sarkariresult.com/2026/kasturba-kushinagar-june26/...
2026-08-24 12:04:32,551 - INFO - [283/689] Scraping: https://www.sarkariresult.com/bank/sbi-apprentices-2026/
2026-08-24 12:04:33,933 - INFO - Navigating to https://www.sarkariresult.com/bank/sbi-apprentices-2026/...
2026-08-24 12:04:34,242 - INFO - [284/689] Scraping: https://www.sarkariresult.com/2026/up-election-computer-assistant/
2026-08-24 12:04:35,406 - INFO - Navigating to https://www.sarkariresult.com/2026/up-election-computer-assistant/...
2026-08-24 12:04:35,506 - INFO - [285/689] Scraping: https://www.sarkariresult.com/upsssc/upsssc-excise-constable-08-exam2026/
2026-08-24 12:04:36,434 - INFO - Navigating to https://www.sarkariresult.com/upsssc/upsssc-excise-constable-08-exam2026/...
2026-08-24 12:04:36,650 - INFO - [286/689] Scraping: https://www.sarkariresult.com/2026/navy-inet-02-2026/
2026-08-24 12:04:38,336 - INFO - Navigating to https://www.sarkariresult.com/2026/navy-inet-02-2026/...
2026-08-24 12:04:38,471 - INFO - [287/689] Scraping: https://www.sarkariresult.com/delhi/dsssb-03-2026/
2026-08-24 12:04:40,349 - INFO - Navigating to https://www.sarkariresult.com/delhi/dsssb-03-2026/...
2026-08-24 12:04:40,604 - INFO - [288/689] Scraping: https://www.sarkariresult.com/2026/rpsc-ras-2026/
2026-08-24 12:04:41,496 - INFO - Navigating to https://www.sarkariresult.com/2026/rpsc-ras-2026/...
2026-08-24 12:04:41,629 - INFO - [289/689] Scraping: https://www.sarkariresult.com/bihar/bpssc-asi-technical-07-2026/
2026-08-24 12:04:43,008 - INFO - Navigating to https://www.sarkariresult.com/bihar/bpssc-asi-technical-07-2026/...
2026-08-24 12:04:43,132 - INFO - [290/689] Scraping: https://www.sarkariresult.com/bihar/patna-hc-dj-2026/
2026-08-24 12:04:45,123 - INFO - Navigating to https://www.sarkariresult.com/bihar/patna-hc-dj-2026/...
2026-08-24 12:04:45,253 - INFO - [291/689] Scraping: https://www.sarkariresult.com/2026/nfl-field-02-2026/
2026-08-24 12:04:46,427 - INFO - Navigating to https://www.sarkariresult.com/2026/nfl-field-02-2026/...
2026-08-24 12:04:46,552 - INFO - [292/689] Scraping: https://www.sarkariresult.com/2026/nfl-management-trainee-may26/
2026-08-24 12:04:47,858 - INFO - Navigating to https://www.sarkariresult.com/2026/nfl-management-trainee-may26/...
2026-08-24 12:04:48,102 - INFO - [293/689] Scraping: https://www.sarkariresult.com/mp/mppsc-so-biology-07-2026/
2026-08-24 12:04:49,492 - INFO - Navigating to https://www.sarkariresult.com/mp/mppsc-so-biology-07-2026/...
2026-08-24 12:04:49,631 - INFO - [294/689] Scraping: https://www.sarkariresult.com/upsssc/upsssc-aso-05-exam-2026/
2026-08-24 12:04:50,633 - INFO - Navigating to https://www.sarkariresult.com/upsssc/upsssc-aso-05-exam-2026/...
2026-08-24 12:04:50,843 - INFO - [295/689] Scraping: https://www.sarkariresult.com/2025/uppsc-apo/
2026-08-24 12:04:51,790 - INFO - Navigating to https://www.sarkariresult.com/2025/uppsc-apo/...
2026-08-24 12:04:51,919 - INFO - [296/689] Scraping: https://www.sarkariresult.com/ssc/ssc-stenographer-2025/
2026-08-24 12:04:53,443 - INFO - Navigating to https://www.sarkariresult.com/ssc/ssc-stenographer-2025/...
2026-08-24 12:04:53,582 - INFO - [297/689] Scraping: https://www.sarkariresult.com/2026/upcisb-various-post-may26/
2026-08-24 12:04:55,042 - INFO - Navigating to https://www.sarkariresult.com/2026/upcisb-various-post-may26/...
2026-08-24 12:04:55,236 - INFO - [298/689] Scraping: https://www.sarkariresult.com/rpsc/rssb-teaching-associate-06-2026/
2026-08-24 12:04:56,828 - INFO - Navigating to https://www.sarkariresult.com/rpsc/rssb-teaching-associate-06-2026/...
2026-08-24 12:04:56,956 - INFO - Skipping https://www.sarkariresult.com/rpsc/rssb-teaching-associate-06-2026/ as it has no importantLinks (empty page)
2026-08-24 12:04:56,956 - INFO - [299/689] Scraping: https://www.sarkariresult.com/2026/ntpc-ae-operation-apr26/
2026-08-24 12:04:58,044 - INFO - Navigating to https://www.sarkariresult.com/2026/ntpc-ae-operation-apr26/...
2026-08-24 12:04:58,268 - INFO - [300/689] Scraping: https://www.sarkariresult.com/2026/pgcil-diploma-trainee-apr26/
2026-08-24 12:04:59,295 - INFO - Navigating to https://www.sarkariresult.com/2026/pgcil-diploma-trainee-apr26/...
2026-08-24 12:04:59,439 - INFO - [301/689] Scraping: https://www.sarkariresult.com/upsssc/upsssc-havaldar-11-exam-2026/
2026-08-24 12:05:00,348 - INFO - Navigating to https://www.sarkariresult.com/upsssc/upsssc-havaldar-11-exam-2026/...
2026-08-24 12:05:00,590 - INFO - [302/689] Scraping: https://www.sarkariresult.com/2026/ssb-various-post-all-march/
2026-08-24 12:05:01,703 - INFO - Navigating to https://www.sarkariresult.com/2026/ssb-various-post-all-march/...
2026-08-24 12:05:01,909 - INFO - [303/689] Scraping: https://www.sarkariresult.com/bank/lic-hfl-ja-2026/
2026-08-24 12:05:03,215 - INFO - Navigating to https://www.sarkariresult.com/bank/lic-hfl-ja-2026/...
2026-08-24 12:05:03,356 - INFO - [304/689] Scraping: https://www.sarkariresult.com/2026/secl-grade-c-apr26/
2026-08-24 12:05:04,436 - INFO - Navigating to https://www.sarkariresult.com/2026/secl-grade-c-apr26/...
2026-08-24 12:05:04,665 - INFO - [305/689] Scraping: https://www.sarkariresult.com/bank/rbi-je-2026/
2026-08-24 12:05:06,435 - INFO - Navigating to https://www.sarkariresult.com/bank/rbi-je-2026/...
2026-08-24 12:05:06,580 - INFO - [306/689] Scraping: https://www.sarkariresult.com/upsssc/upsssc-asst-boring-tech-04-2026/
2026-08-24 12:05:08,078 - INFO - Navigating to https://www.sarkariresult.com/upsssc/upsssc-asst-boring-tech-04-2026/...
2026-08-24 12:05:08,294 - INFO - [307/689] Scraping: https://www.sarkariresult.com/2026/chandigarh-clerk-steno-apr26/
2026-08-24 12:05:09,652 - INFO - Navigating to https://www.sarkariresult.com/2026/chandigarh-clerk-steno-apr26/...
2026-08-24 12:05:09,840 - INFO - [308/689] Scraping: https://www.sarkariresult.com/ssc/ssc-gd-2025-exam-2026/
2026-08-24 12:05:11,671 - INFO - Navigating to https://www.sarkariresult.com/ssc/ssc-gd-2025-exam-2026/...
2026-08-24 12:05:11,812 - INFO - [309/689] Scraping: https://www.sarkariresult.com/2026/icsil-mts-deo-apr26/
2026-08-24 12:05:13,409 - INFO - Navigating to https://www.sarkariresult.com/2026/icsil-mts-deo-apr26/...
2026-08-24 12:05:13,530 - INFO - [310/689] Scraping: https://www.sarkariresult.com/2026/npcil-et-2026/
2026-08-24 12:05:14,438 - INFO - Navigating to https://www.sarkariresult.com/2026/npcil-et-2026/...
2026-08-24 12:05:14,570 - INFO - [311/689] Scraping: https://www.sarkariresult.com/2026/ncl-hemm-staff-overseer-apr26/
2026-08-24 12:05:16,065 - INFO - Navigating to https://www.sarkariresult.com/2026/ncl-hemm-staff-overseer-apr26/...
2026-08-24 12:05:16,197 - INFO - [312/689] Scraping: https://www.sarkariresult.com/upsssc/upsssc-teacher-03-exam-2026/
2026-08-24 12:05:18,077 - INFO - Navigating to https://www.sarkariresult.com/upsssc/upsssc-teacher-03-exam-2026/...
2026-08-24 12:05:18,205 - INFO - [313/689] Scraping: https://www.sarkariresult.com/2026/upsrtc-conductor/
2026-08-24 12:05:19,164 - INFO - Navigating to https://www.sarkariresult.com/2026/upsrtc-conductor/...
2026-08-24 12:05:19,523 - INFO - [314/689] Scraping: https://www.sarkariresult.com/force/navy-mr-musician-02-2026/
2026-08-24 12:05:21,103 - INFO - Navigating to https://www.sarkariresult.com/force/navy-mr-musician-02-2026/...
2026-08-24 12:05:21,250 - INFO - [315/689] Scraping: https://www.sarkariresult.com/2026/army-agniveer-2026/
2026-08-24 12:05:22,398 - INFO - Navigating to https://www.sarkariresult.com/2026/army-agniveer-2026/...
2026-08-24 12:05:22,785 - INFO - [316/689] Scraping: https://www.sarkariresult.com/mp/mpesb-si-subedar-2025/
2026-08-24 12:05:23,692 - INFO - Navigating to https://www.sarkariresult.com/mp/mpesb-si-subedar-2025/...
2026-08-24 12:05:23,817 - INFO - [317/689] Scraping: https://www.sarkariresult.com/2026/upcisb-various-post-mar26/
2026-08-24 12:05:25,297 - INFO - Navigating to https://www.sarkariresult.com/2026/upcisb-various-post-mar26/...
2026-08-24 12:05:25,611 - INFO - [318/689] Scraping: https://www.sarkariresult.com/2026/upsrtc-female-conductor/
2026-08-24 12:05:26,996 - INFO - Navigating to https://www.sarkariresult.com/2026/upsrtc-female-conductor/...
2026-08-24 12:05:27,129 - INFO - [319/689] Scraping: https://www.sarkariresult.com/bihar/bpsc-civil-judge-33-exam-2026/
2026-08-24 12:05:28,719 - INFO - Navigating to https://www.sarkariresult.com/bihar/bpsc-civil-judge-33-exam-2026/...
2026-08-24 12:05:28,835 - INFO - [320/689] Scraping: https://www.sarkariresult.com/hssc/hssc-steno-03-2026/
2026-08-24 12:05:30,454 - INFO - Navigating to https://www.sarkariresult.com/hssc/hssc-steno-03-2026/...
2026-08-24 12:05:30,643 - INFO - [321/689] Scraping: https://www.sarkariresult.com/hssc/hssc-constable-01-2026/
2026-08-24 12:05:31,709 - INFO - Navigating to https://www.sarkariresult.com/hssc/hssc-constable-01-2026/...
2026-08-24 12:05:31,838 - INFO - [322/689] Scraping: https://www.sarkariresult.com/ssc/ssc-cgl-2025/
2026-08-24 12:05:33,818 - INFO - Navigating to https://www.sarkariresult.com/ssc/ssc-cgl-2025/...
2026-08-24 12:05:33,945 - INFO - [323/689] Scraping: https://www.sarkariresult.com/2026/ahc-private-secretary-mar26/
2026-08-24 12:05:35,645 - INFO - Navigating to https://www.sarkariresult.com/2026/ahc-private-secretary-mar26/...
2026-08-24 12:05:35,824 - INFO - [324/689] Scraping: https://www.sarkariresult.com/railway/rrc-cr-apprentices-2026/
2026-08-24 12:05:37,413 - INFO - Navigating to https://www.sarkariresult.com/railway/rrc-cr-apprentices-2026/...
2026-08-24 12:05:37,710 - INFO - [325/689] Scraping: https://www.sarkariresult.com/force/navy-ssr-medical-inet-02-2027/
2026-08-24 12:05:39,329 - INFO - Navigating to https://www.sarkariresult.com/force/navy-ssr-medical-inet-02-2027/...
2026-08-24 12:05:39,463 - INFO - [326/689] Scraping: https://www.sarkariresult.com/force/navy-ssr-mr-inet-2026/
2026-08-24 12:05:40,300 - INFO - Navigating to https://www.sarkariresult.com/force/navy-ssr-mr-inet-2026/...
2026-08-24 12:05:40,442 - INFO - [327/689] Scraping: https://www.sarkariresult.com/2026/uppcb-aee-aso-mar26/
2026-08-24 12:05:41,871 - INFO - Navigating to https://www.sarkariresult.com/2026/uppcb-aee-aso-mar26/...
2026-08-24 12:05:42,061 - INFO - [328/689] Scraping: https://www.sarkariresult.com/2026/bsnl-sr-exe-trainee-set-feb26/
2026-08-24 12:05:43,138 - INFO - Navigating to https://www.sarkariresult.com/2026/bsnl-sr-exe-trainee-set-feb26/...
2026-08-24 12:05:43,264 - INFO - [329/689] Scraping: https://www.sarkariresult.com/jharkhand/jpsc-pre-01-2026/
2026-08-24 12:05:44,276 - INFO - Navigating to https://www.sarkariresult.com/jharkhand/jpsc-pre-01-2026/...
2026-08-24 12:05:44,410 - INFO - [330/689] Scraping: https://www.sarkariresult.com/delhi/dsssb-02-2026/
2026-08-24 12:05:45,538 - INFO - Navigating to https://www.sarkariresult.com/delhi/dsssb-02-2026/...
2026-08-24 12:05:45,648 - INFO - [331/689] Scraping: https://www.sarkariresult.com/ssc/ssc-dp-constable-executive-2025/
2026-08-24 12:05:46,877 - INFO - Navigating to https://www.sarkariresult.com/ssc/ssc-dp-constable-executive-2025/...
2026-08-24 12:05:47,012 - INFO - [332/689] Scraping: https://www.sarkariresult.com/ssc/ssc-dp-constable-driver-2025/
2026-08-24 12:05:48,199 - INFO - Navigating to https://www.sarkariresult.com/ssc/ssc-dp-constable-driver-2025/...
2026-08-24 12:05:48,357 - INFO - [333/689] Scraping: https://www.sarkariresult.com/ssc/ssc-delhi-police-hc-awo-tpo-2025/
2026-08-24 12:05:49,647 - INFO - Navigating to https://www.sarkariresult.com/ssc/ssc-delhi-police-hc-awo-tpo-2025/...
2026-08-24 12:05:49,931 - INFO - [334/689] Scraping: https://www.sarkariresult.com/ssc/ssc-dp-head-constable-min-2025/
2026-08-24 12:05:51,454 - INFO - Navigating to https://www.sarkariresult.com/ssc/ssc-dp-head-constable-min-2025/...
2026-08-24 12:05:51,589 - INFO - [335/689] Scraping: https://www.sarkariresult.com/force/airforce-agniveer-01-2027/
2026-08-24 12:05:52,523 - INFO - Navigating to https://www.sarkariresult.com/force/airforce-agniveer-01-2027/...
2026-08-24 12:05:52,733 - INFO - [336/689] Scraping: https://www.sarkariresult.com/upsc/upsc-cpf-ac-2026/
2026-08-24 12:05:53,572 - INFO - Navigating to https://www.sarkariresult.com/upsc/upsc-cpf-ac-2026/...
2026-08-24 12:05:53,707 - INFO - [337/689] Scraping: https://www.sarkariresult.com/delhi/dsssb-01-2026/
2026-08-24 12:05:55,121 - INFO - Navigating to https://www.sarkariresult.com/delhi/dsssb-01-2026/...
2026-08-24 12:05:55,304 - INFO - [338/689] Scraping: https://www.sarkariresult.com/2026/india-post-gds-2026/
2026-08-24 12:05:56,383 - INFO - Navigating to https://www.sarkariresult.com/2026/india-post-gds-2026/...
2026-08-24 12:05:56,512 - INFO - [339/689] Scraping: https://www.sarkariresult.com/bihar/btsc-dairy-01-2026/
2026-08-24 12:05:58,304 - INFO - Navigating to https://www.sarkariresult.com/bihar/btsc-dairy-01-2026/...
2026-08-24 12:05:58,429 - INFO - [340/689] Scraping: https://www.sarkariresult.com/2026/aiims-norcet-10th/
2026-08-24 12:05:59,635 - INFO - Navigating to https://www.sarkariresult.com/2026/aiims-norcet-10th/...
2026-08-24 12:05:59,760 - INFO - [341/689] Scraping: https://www.sarkariresult.com/upsc/upsc-ies-iss-2026/
2026-08-24 12:06:00,954 - INFO - Navigating to https://www.sarkariresult.com/upsc/upsc-ies-iss-2026/...
2026-08-24 12:06:01,088 - INFO - [342/689] Scraping: https://www.sarkariresult.com/hssc/hpsc-hcs-22-2026/
2026-08-24 12:06:02,224 - INFO - Navigating to https://www.sarkariresult.com/hssc/hpsc-hcs-22-2026/...
2026-08-24 12:06:02,465 - INFO - [343/689] Scraping: https://www.sarkariresult.com/mp/mppsc-pre-2026/
2026-08-24 12:06:03,597 - INFO - Navigating to https://www.sarkariresult.com/mp/mppsc-pre-2026/...
2026-08-24 12:06:03,728 - INFO - [344/689] Scraping: https://www.sarkariresult.com/rpsc/rssb-forester-advt-01-2026/
2026-08-24 12:06:04,920 - INFO - Navigating to https://www.sarkariresult.com/rpsc/rssb-forester-advt-01-2026/...
2026-08-24 12:06:05,043 - INFO - [345/689] Scraping: https://www.sarkariresult.com/rpsc/rssb-women-supervisor-01-2026/
2026-08-24 12:06:06,142 - INFO - Navigating to https://www.sarkariresult.com/rpsc/rssb-women-supervisor-01-2026/...
2026-08-24 12:06:06,334 - INFO - [346/689] Scraping: https://www.sarkariresult.com/bihar/btsc-work-inspector-31-2025/
2026-08-24 12:06:07,471 - INFO - Navigating to https://www.sarkariresult.com/bihar/btsc-work-inspector-31-2025/...
2026-08-24 12:06:07,607 - INFO - [347/689] Scraping: https://www.sarkariresult.com/bihar/bpsc-professor-10-11-2026/
2026-08-24 12:06:09,161 - INFO - Navigating to https://www.sarkariresult.com/bihar/bpsc-professor-10-11-2026/...
2026-08-24 12:06:09,289 - INFO - [348/689] Scraping: https://www.sarkariresult.com/upsssc/upsssc-lekhpal-02-exam-2025/
2026-08-24 12:06:10,397 - INFO - Navigating to https://www.sarkariresult.com/upsssc/upsssc-lekhpal-02-exam-2025/...
2026-08-24 12:06:10,523 - INFO - [349/689] Scraping: https://www.sarkariresult.com/jharkhand/jpsc-drug-inspector-12-2025/
2026-08-24 12:06:11,464 - INFO - Navigating to https://www.sarkariresult.com/jharkhand/jpsc-drug-inspector-12-2025/...
2026-08-24 12:06:11,707 - INFO - [350/689] Scraping: https://www.sarkariresult.com/force/airforce-medical-01-2027/
2026-08-24 12:06:13,698 - INFO - Navigating to https://www.sarkariresult.com/force/airforce-medical-01-2027/...
2026-08-24 12:06:13,833 - INFO - [351/689] Scraping: https://www.sarkariresult.com/2026/csb-scientist-b-jan26/
2026-08-24 12:06:14,796 - INFO - Navigating to https://www.sarkariresult.com/2026/csb-scientist-b-jan26/...
2026-08-24 12:06:15,020 - INFO - [352/689] Scraping: https://www.sarkariresult.com/2026/yil-apprentices-feb26/
2026-08-24 12:06:16,587 - INFO - Navigating to https://www.sarkariresult.com/2026/yil-apprentices-feb26/...
2026-08-24 12:06:16,728 - INFO - [353/689] Scraping: https://www.sarkariresult.com/bihar/btsc-je-28-29-30-2025/
2026-08-24 12:06:17,929 - INFO - Navigating to https://www.sarkariresult.com/bihar/btsc-je-28-29-30-2025/...
2026-08-24 12:06:18,062 - INFO - [354/689] Scraping: https://www.sarkariresult.com/bihar/btsc-pump-operator-32-2025/
2026-08-24 12:06:19,422 - INFO - Navigating to https://www.sarkariresult.com/bihar/btsc-pump-operator-32-2025/...
2026-08-24 12:06:19,617 - INFO - [355/689] Scraping: https://www.sarkariresult.com/force/army-jag-124th-2026/
2026-08-24 12:06:20,532 - INFO - Navigating to https://www.sarkariresult.com/force/army-jag-124th-2026/...
2026-08-24 12:06:20,656 - INFO - [356/689] Scraping: https://www.sarkariresult.com/rpsc/rssb-lab-assistant-05-2026/
2026-08-24 12:06:21,723 - INFO - Navigating to https://www.sarkariresult.com/rpsc/rssb-lab-assistant-05-2026/...
2026-08-24 12:06:21,989 - INFO - [357/689] Scraping: https://www.sarkariresult.com/2025/uppsc-direct-d6-dec2025/
2026-08-24 12:06:23,389 - INFO - Navigating to https://www.sarkariresult.com/2025/uppsc-direct-d6-dec2025/...
2026-08-24 12:06:23,576 - INFO - [358/689] Scraping: https://www.sarkariresult.com/rpsc/rssb-agriculture-03-2026/
2026-08-24 12:06:25,089 - INFO - Navigating to https://www.sarkariresult.com/rpsc/rssb-agriculture-03-2026/...
2026-08-24 12:06:25,331 - INFO - [359/689] Scraping: https://www.sarkariresult.com/bihar/bpssc-havildar-02-2026/
2026-08-24 12:06:26,968 - INFO - Navigating to https://www.sarkariresult.com/bihar/bpssc-havildar-02-2026/...
2026-08-24 12:06:27,108 - INFO - [360/689] Scraping: https://www.sarkariresult.com/rpsc/rssb-ldc-jr-asst-04-2026/
2026-08-24 12:06:29,092 - INFO - Navigating to https://www.sarkariresult.com/rpsc/rssb-ldc-jr-asst-04-2026/...
2026-08-24 12:06:29,333 - INFO - [361/689] Scraping: https://www.sarkariresult.com/2026/sci-law-clerk-jan26/
2026-08-24 12:06:30,921 - INFO - Navigating to https://www.sarkariresult.com/2026/sci-law-clerk-jan26/...
2026-08-24 12:06:31,042 - INFO - [362/689] Scraping: https://www.sarkariresult.com/2026/iffco-phulpur-apprentices/
2026-08-24 12:06:32,198 - INFO - Navigating to https://www.sarkariresult.com/2026/iffco-phulpur-apprentices/...
2026-08-24 12:06:32,416 - INFO - [363/689] Scraping: https://www.sarkariresult.com/force/coast-guard-navik-yantrik-01-02-2026/
2026-08-24 12:06:33,929 - INFO - Navigating to https://www.sarkariresult.com/force/coast-guard-navik-yantrik-01-02-2026/...
2026-08-24 12:06:34,056 - INFO - [364/689] Scraping: https://www.sarkariresult.com/bihar/bpsc-mvi-41-2025/
2026-08-24 12:06:35,132 - INFO - Navigating to https://www.sarkariresult.com/bihar/bpsc-mvi-41-2025/...
2026-08-24 12:06:35,352 - INFO - [365/689] Scraping: https://www.sarkariresult.com/bihar/btsc-staff-nurse-23-2025/
2026-08-24 12:06:37,141 - INFO - Navigating to https://www.sarkariresult.com/bihar/btsc-staff-nurse-23-2025/...
2026-08-24 12:06:37,273 - INFO - [366/689] Scraping: https://www.sarkariresult.com/ssc/ssc-jht-2025/
2026-08-24 12:06:38,591 - INFO - Navigating to https://www.sarkariresult.com/ssc/ssc-jht-2025/...
2026-08-24 12:06:38,807 - INFO - [367/689] Scraping: https://www.sarkariresult.com/2025/awes-tgt-pgt-prt-june25/
2026-08-24 12:06:40,049 - INFO - Navigating to https://www.sarkariresult.com/2025/awes-tgt-pgt-prt-june25/...
2026-08-24 12:06:40,173 - INFO - [368/689] Scraping: https://www.sarkariresult.com/upsc/upsc-ora-06-2025/
2026-08-24 12:06:40,982 - INFO - Navigating to https://www.sarkariresult.com/upsc/upsc-ora-06-2025/...
2026-08-24 12:06:41,114 - INFO - [369/689] Scraping: https://www.sarkariresult.com/2025/uppsc-staff-nurse-unani-june25/
2026-08-24 12:06:43,075 - INFO - Navigating to https://www.sarkariresult.com/2025/uppsc-staff-nurse-unani-june25/...
2026-08-24 12:06:43,199 - INFO - [370/689] Scraping: https://www.sarkariresult.com/2025/nta-csir-june-2025/
2026-08-24 12:06:44,147 - INFO - Navigating to https://www.sarkariresult.com/2025/nta-csir-june-2025/...
2026-08-24 12:06:44,281 - INFO - [371/689] Scraping: https://www.sarkariresult.com/ssc/ssc-selection-post-13th-2025/
2026-08-24 12:06:46,219 - INFO - Navigating to https://www.sarkariresult.com/ssc/ssc-selection-post-13th-2025/...
2026-08-24 12:06:46,347 - INFO - [372/689] Scraping: https://www.sarkariresult.com/force/afcat-02-2025/
2026-08-24 12:06:48,056 - INFO - Navigating to https://www.sarkariresult.com/force/afcat-02-2025/...
2026-08-24 12:06:48,183 - INFO - [373/689] Scraping: https://www.sarkariresult.com/bihar/bpsc-71th-exam-2025/
2026-08-24 12:06:49,695 - INFO - Navigating to https://www.sarkariresult.com/bihar/bpsc-71th-exam-2025/...
2026-08-24 12:06:49,887 - INFO - [374/689] Scraping: https://www.sarkariresult.com/hssc/hssc-cet-group-c-01-2025/
2026-08-24 12:06:50,723 - INFO - Navigating to https://www.sarkariresult.com/hssc/hssc-cet-group-c-01-2025/...
2026-08-24 12:06:50,849 - INFO - [375/689] Scraping: https://www.sarkariresult.com/upsc/upsc-cds-ii-2025/
2026-08-24 12:06:52,146 - INFO - Navigating to https://www.sarkariresult.com/upsc/upsc-cds-ii-2025/...
2026-08-24 12:06:52,356 - INFO - [376/689] Scraping: https://www.sarkariresult.com/upsc/upsc-nda-ii-2025/
2026-08-24 12:06:54,298 - INFO - Navigating to https://www.sarkariresult.com/upsc/upsc-nda-ii-2025/...
2026-08-24 12:06:54,424 - INFO - [377/689] Scraping: https://www.sarkariresult.com/2025/ncrtc-various-post-mar25/
2026-08-24 12:06:55,351 - INFO - Navigating to https://www.sarkariresult.com/2025/ncrtc-various-post-mar25/...
2026-08-24 12:06:55,580 - INFO - [378/689] Scraping: https://www.sarkariresult.com/bihar/bpsc-aso-37-2025/
2026-08-24 12:06:56,696 - INFO - Navigating to https://www.sarkariresult.com/bihar/bpsc-aso-37-2025/...
2026-08-24 12:06:56,825 - INFO - [379/689] Scraping: https://www.sarkariresult.com/2025/csir-iitr-jr-stenographer-may25/
2026-08-24 12:06:58,811 - INFO - Navigating to https://www.sarkariresult.com/2025/csir-iitr-jr-stenographer-may25/...
2026-08-24 12:06:58,936 - INFO - [380/689] Scraping: https://www.sarkariresult.com/force/army-tes-54-may2025/
2026-08-24 12:06:59,780 - INFO - Navigating to https://www.sarkariresult.com/force/army-tes-54-may2025/...
2026-08-24 12:06:59,912 - INFO - [381/689] Scraping: https://www.sarkariresult.com/2025/uppsc-direct-may25/
2026-08-24 12:07:01,736 - INFO - Navigating to https://www.sarkariresult.com/2025/uppsc-direct-may25/...
2026-08-24 12:07:01,865 - INFO - [382/689] Scraping: https://www.sarkariresult.com/2025/cotton-corp-various-post-may25/
2026-08-24 12:07:03,584 - INFO - Navigating to https://www.sarkariresult.com/2025/cotton-corp-various-post-may25/...
2026-08-24 12:07:03,725 - INFO - [383/689] Scraping: https://www.sarkariresult.com/uttrakhand/ukpsc-pre-2025/
2026-08-24 12:07:05,694 - INFO - Navigating to https://www.sarkariresult.com/uttrakhand/ukpsc-pre-2025/...
2026-08-24 12:07:05,818 - INFO - [384/689] Scraping: https://www.sarkariresult.com/bank/idbi-bank-jam-2025/
2026-08-24 12:07:07,162 - INFO - Navigating to https://www.sarkariresult.com/bank/idbi-bank-jam-2025/...
2026-08-24 12:07:07,287 - INFO - [385/689] Scraping: https://www.sarkariresult.com/2025/bis-scientist-b-may25/
2026-08-24 12:07:08,239 - INFO - Navigating to https://www.sarkariresult.com/2025/bis-scientist-b-may25/...
2026-08-24 12:07:08,467 - INFO - [386/689] Scraping: https://www.sarkariresult.com/2025/asrb-net-ars-sms-sto-may25/
2026-08-24 12:07:09,642 - INFO - Navigating to https://www.sarkariresult.com/2025/asrb-net-ars-sms-sto-may25/...
2026-08-24 12:07:09,766 - INFO - [387/689] Scraping: https://www.sarkariresult.com/2025/csir-nbri-lucknow/
2026-08-24 12:07:10,648 - INFO - Navigating to https://www.sarkariresult.com/2025/csir-nbri-lucknow/...
2026-08-24 12:07:10,774 - INFO - [388/689] Scraping: https://www.sarkariresult.com/upsssc/upsssc-pet-01-2025/
2026-08-24 12:07:11,685 - INFO - Navigating to https://www.sarkariresult.com/upsssc/upsssc-pet-01-2025/...
2026-08-24 12:07:11,815 - INFO - [389/689] Scraping: https://www.sarkariresult.com/bihar/bssc-laboratory-asst-04-2025/
2026-08-24 12:07:13,743 - INFO - Navigating to https://www.sarkariresult.com/bihar/bssc-laboratory-asst-04-2025/...
2026-08-24 12:07:13,867 - INFO - [390/689] Scraping: https://www.sarkariresult.com/bihar/bpssc-range-forest-02-2025/
2026-08-24 12:07:15,720 - INFO - Navigating to https://www.sarkariresult.com/bihar/bpssc-range-forest-02-2025/...
2026-08-24 12:07:15,851 - INFO - [391/689] Scraping: https://www.sarkariresult.com/2025/isro-scientist-engineer-apr25/
2026-08-24 12:07:17,080 - INFO - Navigating to https://www.sarkariresult.com/2025/isro-scientist-engineer-apr25/...
2026-08-24 12:07:17,209 - INFO - [392/689] Scraping: https://www.sarkariresult.com/bihar/bpsc-ae-advt-29-31-2025/
2026-08-24 12:07:18,704 - INFO - Navigating to https://www.sarkariresult.com/bihar/bpsc-ae-advt-29-31-2025/...
2026-08-24 12:07:18,838 - INFO - [393/689] Scraping: https://www.sarkariresult.com/2025/kgmu-nursing-officer-apr25/
2026-08-24 12:07:20,470 - INFO - Navigating to https://www.sarkariresult.com/2025/kgmu-nursing-officer-apr25/...
2026-08-24 12:07:20,607 - INFO - [394/689] Scraping: https://www.sarkariresult.com/2025/bhu-jr-clerk-advt-07-2025/
2026-08-24 12:07:22,450 - INFO - Navigating to https://www.sarkariresult.com/2025/bhu-jr-clerk-advt-07-2025/...
2026-08-24 12:07:22,614 - INFO - [395/689] Scraping: https://www.sarkariresult.com/2025/uppsc-principal-apr25/
2026-08-24 12:07:23,603 - INFO - Navigating to https://www.sarkariresult.com/2025/uppsc-principal-apr25/...
2026-08-24 12:07:23,747 - INFO - [396/689] Scraping: https://www.sarkariresult.com/bihar/bihar-shs-cho-02-2025/
2026-08-24 12:07:25,612 - INFO - Navigating to https://www.sarkariresult.com/bihar/bihar-shs-cho-02-2025/...
2026-08-24 12:07:25,734 - INFO - [397/689] Scraping: https://www.sarkariresult.com/2025/aai-junior-executive-atc-apr25/
2026-08-24 12:07:27,076 - INFO - Navigating to https://www.sarkariresult.com/2025/aai-junior-executive-atc-apr25/...
2026-08-24 12:07:27,200 - INFO - [398/689] Scraping: https://www.sarkariresult.com/2025/cpcb-various-post-apr25/
2026-08-24 12:07:29,069 - INFO - Navigating to https://www.sarkariresult.com/2025/cpcb-various-post-apr25/...
2026-08-24 12:07:29,197 - INFO - [399/689] Scraping: https://www.sarkariresult.com/2025/csir-crri-jsa-steno-apr25/
2026-08-24 12:07:30,303 - INFO - Navigating to https://www.sarkariresult.com/2025/csir-crri-jsa-steno-apr25/...
2026-08-24 12:07:30,431 - INFO - [400/689] Scraping: https://www.sarkariresult.com/2025/ncl-technician-apr25/
2026-08-24 12:07:31,389 - INFO - Navigating to https://www.sarkariresult.com/2025/ncl-technician-apr25/...
2026-08-24 12:07:31,592 - INFO - [401/689] Scraping: https://www.sarkariresult.com/2025/allahabad-university-teaching/
2026-08-24 12:07:33,452 - INFO - Navigating to https://www.sarkariresult.com/2025/allahabad-university-teaching/...
2026-08-24 12:07:33,631 - INFO - [402/689] Scraping: https://www.sarkariresult.com/2025/nta-ugc-net-june-2025/
2026-08-24 12:07:35,021 - INFO - Navigating to https://www.sarkariresult.com/2025/nta-ugc-net-june-2025/...
2026-08-24 12:07:35,170 - INFO - [403/689] Scraping: https://www.sarkariresult.com/bihar/csbc-bp-constable-01-2025/
2026-08-24 12:07:36,018 - INFO - Navigating to https://www.sarkariresult.com/bihar/csbc-bp-constable-01-2025/...
2026-08-24 12:07:36,163 - INFO - [404/689] Scraping: https://www.sarkariresult.com/uttrakhand/uksssc-ado-71-2025/
2026-08-24 12:07:37,860 - INFO - Navigating to https://www.sarkariresult.com/uttrakhand/uksssc-ado-71-2025/...
2026-08-24 12:07:37,980 - INFO - [405/689] Scraping: https://www.sarkariresult.com/uttrakhand/uksssc-patwari-vdo-70-2025/
2026-08-24 12:07:39,979 - INFO - Navigating to https://www.sarkariresult.com/uttrakhand/uksssc-patwari-vdo-70-2025/...
2026-08-24 12:07:40,112 - INFO - [406/689] Scraping: https://www.sarkariresult.com/bihar/bssc-field-assistant-03-2025/
2026-08-24 12:07:41,030 - INFO - Navigating to https://www.sarkariresult.com/bihar/bssc-field-assistant-03-2025/...
2026-08-24 12:07:41,166 - INFO - [407/689] Scraping: https://www.sarkariresult.com/2025/isro-vssc-apr25/
2026-08-24 12:07:42,340 - INFO - Navigating to https://www.sarkariresult.com/2025/isro-vssc-apr25/...
2026-08-24 12:07:42,599 - INFO - [408/689] Scraping: https://www.sarkariresult.com/rpsc/rssb-nhm-01-2025/
2026-08-24 12:07:44,203 - INFO - Navigating to https://www.sarkariresult.com/rpsc/rssb-nhm-01-2025/...
2026-08-24 12:07:44,329 - INFO - [409/689] Scraping: https://www.sarkariresult.com/rpsc/rpsc-asst-electrical-ins-01-2025/
2026-08-24 12:07:45,665 - INFO - Navigating to https://www.sarkariresult.com/rpsc/rpsc-asst-electrical-ins-01-2025/...
2026-08-24 12:07:45,910 - INFO - [410/689] Scraping: https://www.sarkariresult.com/rpsc/rpsc-jr-chemist-advt-02-2025/
2026-08-24 12:07:47,677 - INFO - Navigating to https://www.sarkariresult.com/rpsc/rpsc-jr-chemist-advt-02-2025/...
2026-08-24 12:07:47,798 - INFO - [411/689] Scraping: https://www.sarkariresult.com/2025/up-gnm-upget/
2026-08-24 12:07:49,037 - INFO - Navigating to https://www.sarkariresult.com/2025/up-gnm-upget/...
2026-08-24 12:07:49,172 - INFO - [412/689] Scraping: https://www.sarkariresult.com/bihar/bssc-statistical-01-2025/
2026-08-24 12:07:51,044 - INFO - Navigating to https://www.sarkariresult.com/bihar/bssc-statistical-01-2025/...
2026-08-24 12:07:51,182 - INFO - [413/689] Scraping: https://www.sarkariresult.com/2025/up-police-upcoming/
2026-08-24 12:07:52,554 - INFO - Navigating to https://www.sarkariresult.com/2025/up-police-upcoming/...
2026-08-24 12:07:52,781 - INFO - [414/689] Scraping: https://www.sarkariresult.com/force/navy-ssr-med-asst-inet-2025/
2026-08-24 12:07:54,430 - INFO - Navigating to https://www.sarkariresult.com/force/navy-ssr-med-asst-inet-2025/...
2026-08-24 12:07:54,563 - INFO - [415/689] Scraping: https://www.sarkariresult.com/bihar/bihar-home-guard-01-2025/
2026-08-24 12:07:55,693 - INFO - Navigating to https://www.sarkariresult.com/bihar/bihar-home-guard-01-2025/...
2026-08-24 12:07:55,824 - INFO - [416/689] Scraping: https://www.sarkariresult.com/2025/uppsc-various-post-mar25/
2026-08-24 12:07:56,969 - INFO - Navigating to https://www.sarkariresult.com/2025/uppsc-various-post-mar25/...
2026-08-24 12:07:57,113 - INFO - [417/689] Scraping: https://www.sarkariresult.com/2025/uppsc-pre-2025/
2026-08-24 12:07:58,354 - INFO - Navigating to https://www.sarkariresult.com/2025/uppsc-pre-2025/...
2026-08-24 12:07:58,493 - INFO - [418/689] Scraping: https://www.sarkariresult.com/force/navy-ssr-mr-inet-2025/
2026-08-24 12:07:59,792 - INFO - Navigating to https://www.sarkariresult.com/force/navy-ssr-mr-inet-2025/...
2026-08-24 12:08:00,051 - INFO - [419/689] Scraping: https://www.sarkariresult.com/2025/iocl-apprentices-mar25/
2026-08-24 12:08:01,530 - INFO - Navigating to https://www.sarkariresult.com/2025/iocl-apprentices-mar25/...
2026-08-24 12:08:01,722 - INFO - [420/689] Scraping: https://www.sarkariresult.com/2025/ncl-cil-apprentices-mar25/
2026-08-24 12:08:03,635 - INFO - Navigating to https://www.sarkariresult.com/2025/ncl-cil-apprentices-mar25/...
2026-08-24 12:08:03,884 - INFO - [421/689] Scraping: https://www.sarkariresult.com/upsc/upsc-asst-professor-ora-01-2025/
2026-08-24 12:08:05,101 - INFO - Navigating to https://www.sarkariresult.com/upsc/upsc-asst-professor-ora-01-2025/...
2026-08-24 12:08:05,232 - INFO - [422/689] Scraping: https://www.sarkariresult.com/2025/uppsc-mains-2024/
2026-08-24 12:08:07,045 - INFO - Navigating to https://www.sarkariresult.com/2025/uppsc-mains-2024/...
2026-08-24 12:08:07,290 - INFO - [423/689] Scraping: https://www.sarkariresult.com/2025/iffco-agt-mar25/
2026-08-24 12:08:08,923 - INFO - Navigating to https://www.sarkariresult.com/2025/iffco-agt-mar25/...
2026-08-24 12:08:09,096 - INFO - [424/689] Scraping: https://www.sarkariresult.com/2025/ahc-research-associates-mar25/
2026-08-24 12:08:10,715 - INFO - Navigating to https://www.sarkariresult.com/2025/ahc-research-associates-mar25/...
2026-08-24 12:08:10,962 - INFO - [425/689] Scraping: https://www.sarkariresult.com/2025/aiims-norcet-8th/
2026-08-24 12:08:12,921 - INFO - Navigating to https://www.sarkariresult.com/2025/aiims-norcet-8th/...
2026-08-24 12:08:13,055 - INFO - [426/689] Scraping: https://www.sarkariresult.com/2025/aai-non-executives-wr-feb25/
2026-08-24 12:08:14,775 - INFO - Navigating to https://www.sarkariresult.com/2025/aai-non-executives-wr-feb25/...
2026-08-24 12:08:14,898 - INFO - [427/689] Scraping: https://www.sarkariresult.com/bihar/bpssc-si-prohibition-01-2025/
2026-08-24 12:08:15,877 - INFO - Navigating to https://www.sarkariresult.com/bihar/bpssc-si-prohibition-01-2025/...
2026-08-24 12:08:16,137 - INFO - [428/689] Scraping: https://www.sarkariresult.com/2025/csir-iitr-lucknow-jsa-feb25/
2026-08-24 12:08:17,281 - INFO - Navigating to https://www.sarkariresult.com/2025/csir-iitr-lucknow-jsa-feb25/...
2026-08-24 12:08:18,017 - INFO - [429/689] Scraping: https://www.sarkariresult.com/2025/dfccil-various-01-2025/
2026-08-24 12:08:19,375 - INFO - Navigating to https://www.sarkariresult.com/2025/dfccil-various-01-2025/...
2026-08-24 12:08:19,624 - INFO - [430/689] Scraping: https://www.sarkariresult.com/2025/bseb-sakshamta-phase3/
2026-08-24 12:08:21,226 - INFO - Navigating to https://www.sarkariresult.com/2025/bseb-sakshamta-phase3/...
2026-08-24 12:08:21,358 - INFO - [431/689] Scraping: https://www.sarkariresult.com/2025/assam-rifles-rally-feb25/
2026-08-24 12:08:22,649 - INFO - Navigating to https://www.sarkariresult.com/2025/assam-rifles-rally-feb25/...
2026-08-24 12:08:22,884 - INFO - [432/689] Scraping: https://www.sarkariresult.com/rpsc/rssb-patwari-02-2025/
2026-08-24 12:08:24,245 - INFO - Navigating to https://www.sarkariresult.com/rpsc/rssb-patwari-02-2025/...
2026-08-24 12:08:24,370 - INFO - [433/689] Scraping: https://www.sarkariresult.com/upsc/upsc-cms-2025/
2026-08-24 12:08:25,737 - INFO - Navigating to https://www.sarkariresult.com/upsc/upsc-cms-2025/...
2026-08-24 12:08:25,866 - INFO - [434/689] Scraping: https://www.sarkariresult.com/upsc/upsc-ies-iss-2025/
2026-08-24 12:08:27,034 - INFO - Navigating to https://www.sarkariresult.com/upsc/upsc-ies-iss-2025/...
2026-08-24 12:08:27,167 - INFO - [435/689] Scraping: https://www.sarkariresult.com/force/navy-ssc-officer-st-jan2026/
2026-08-24 12:08:28,526 - INFO - Navigating to https://www.sarkariresult.com/force/navy-ssc-officer-st-jan2026/...
2026-08-24 12:08:28,770 - INFO - [436/689] Scraping: https://www.sarkariresult.com/2025/csir-cdri-jsa-steno-feb25/
2026-08-24 12:08:30,552 - INFO - Navigating to https://www.sarkariresult.com/2025/csir-cdri-jsa-steno-feb25/...
2026-08-24 12:08:30,682 - INFO - [437/689] Scraping: https://www.sarkariresult.com/2025/india-post-gds-jan25/
2026-08-24 12:08:32,480 - INFO - Navigating to https://www.sarkariresult.com/2025/india-post-gds-jan25/...
2026-08-24 12:08:32,620 - INFO - [438/689] Scraping: https://www.sarkariresult.com/upsc/upsc-ias-ifs-2025/
2026-08-24 12:08:33,463 - INFO - Navigating to https://www.sarkariresult.com/upsc/upsc-ias-ifs-2025/...
2026-08-24 12:08:33,600 - INFO - [439/689] Scraping: https://www.sarkariresult.com/bihar/btsc-insect-collector-01-2025/
2026-08-24 12:08:35,157 - INFO - Navigating to https://www.sarkariresult.com/bihar/btsc-insect-collector-01-2025/...
2026-08-24 12:08:35,414 - INFO - [440/689] Scraping: https://www.sarkariresult.com/2025/sci-junior-court-assistant-feb25/
2026-08-24 12:08:36,653 - INFO - Navigating to https://www.sarkariresult.com/2025/sci-junior-court-assistant-feb25/...
2026-08-24 12:08:36,778 - INFO - [441/689] Scraping: https://www.sarkariresult.com/2025/aai-junior-senior-assistant-feb25/
2026-08-24 12:08:38,148 - INFO - Navigating to https://www.sarkariresult.com/2025/aai-junior-senior-assistant-feb25/...
2026-08-24 12:08:38,272 - INFO - [442/689] Scraping: https://www.sarkariresult.com/2025/iocl-non-exe-personnel-feb25/
2026-08-24 12:08:40,182 - INFO - Navigating to https://www.sarkariresult.com/2025/iocl-non-exe-personnel-feb25/...
2026-08-24 12:08:40,315 - INFO - [443/689] Scraping: https://www.sarkariresult.com/2025/scl-assistant-jan25/
2026-08-24 12:08:41,854 - INFO - Navigating to https://www.sarkariresult.com/2025/scl-assistant-jan25/...
2026-08-24 12:08:42,110 - INFO - [444/689] Scraping: https://www.sarkariresult.com/force/airforce-intake-01-2026/
2026-08-24 12:08:43,965 - INFO - Navigating to https://www.sarkariresult.com/force/airforce-intake-01-2026/...
2026-08-24 12:08:44,089 - INFO - [445/689] Scraping: https://www.sarkariresult.com/force/coast-guard-navik-02-2025/
2026-08-24 12:08:45,602 - INFO - Navigating to https://www.sarkariresult.com/force/coast-guard-navik-02-2025/...
2026-08-24 12:08:45,736 - INFO - [446/689] Scraping: https://www.sarkariresult.com/2025/coal-india-cil-mt-jan25/
2026-08-24 12:08:47,374 - INFO - Navigating to https://www.sarkariresult.com/2025/coal-india-cil-mt-jan25/...
2026-08-24 12:08:47,507 - INFO - [447/689] Scraping: https://www.sarkariresult.com/2025/kalyan-singh-ksssci-non-teaching/
2026-08-24 12:08:48,320 - INFO - Navigating to https://www.sarkariresult.com/2025/kalyan-singh-ksssci-non-teaching/...
2026-08-24 12:08:48,564 - INFO - [448/689] Scraping: https://www.sarkariresult.com/2025/sci-law-clerk-jan25/
2026-08-24 12:08:50,259 - INFO - Navigating to https://www.sarkariresult.com/2025/sci-law-clerk-jan25/...
2026-08-24 12:08:50,388 - INFO - [449/689] Scraping: https://www.sarkariresult.com/2025/dgafms-various-post-jan25/
2026-08-24 12:08:51,912 - INFO - Navigating to https://www.sarkariresult.com/2025/dgafms-various-post-jan25/...
2026-08-24 12:08:52,038 - INFO - [450/689] Scraping: https://www.sarkariresult.com/mp/mppsc-pre-2025/
2026-08-24 12:08:53,315 - INFO - Navigating to https://www.sarkariresult.com/mp/mppsc-pre-2025/...
2026-08-24 12:08:53,451 - INFO - [451/689] Scraping: https://www.sarkariresult.com/2025/cbse-jr-assistant-jan25/
2026-08-24 12:08:55,054 - INFO - Navigating to https://www.sarkariresult.com/2025/cbse-jr-assistant-jan25/...
2026-08-24 12:08:55,298 - INFO - [452/689] Scraping: https://www.sarkariresult.com/force/navy-ssc-it-june2025/
2026-08-24 12:08:57,121 - INFO - Navigating to https://www.sarkariresult.com/force/navy-ssc-it-june2025/...
2026-08-24 12:08:57,262 - INFO - [453/689] Scraping: https://www.sarkariresult.com/upsc/upsc-cds-first-2025/
2026-08-24 12:08:58,389 - INFO - Navigating to https://www.sarkariresult.com/upsc/upsc-cds-first-2025/...
2026-08-24 12:08:58,517 - INFO - [454/689] Scraping: https://www.sarkariresult.com/upsc/upsc-nda-first-2025/
2026-08-24 12:09:00,364 - INFO - Navigating to https://www.sarkariresult.com/upsc/upsc-nda-first-2025/...
2026-08-24 12:09:00,498 - INFO - [455/689] Scraping: https://www.sarkariresult.com/force/coast-guard-ac-2026-batch/
2026-08-24 12:09:02,136 - INFO - Navigating to https://www.sarkariresult.com/force/coast-guard-ac-2026-batch/...
2026-08-24 12:09:02,427 - INFO - [456/689] Scraping: https://www.sarkariresult.com/force/afcat-01-2025/
2026-08-24 12:09:03,336 - INFO - Navigating to https://www.sarkariresult.com/force/afcat-01-2025/...
2026-08-24 12:09:03,467 - INFO - [457/689] Scraping: https://www.sarkariresult.com/upsc/upsc-engg-2025/
2026-08-24 12:09:05,263 - INFO - Navigating to https://www.sarkariresult.com/upsc/upsc-engg-2025/...
2026-08-24 12:09:05,389 - INFO - [458/689] Scraping: https://www.sarkariresult.com/force/navy-ssc-june-2025/
2026-08-24 12:09:06,812 - INFO - Navigating to https://www.sarkariresult.com/force/navy-ssc-june-2025/...
2026-08-24 12:09:06,937 - INFO - [459/689] Scraping: https://www.sarkariresult.com/upsc/upsc-geo-scientist-2025/
2026-08-24 12:09:08,293 - INFO - Navigating to https://www.sarkariresult.com/upsc/upsc-geo-scientist-2025/...
2026-08-24 12:09:08,529 - INFO - [460/689] Scraping: https://www.sarkariresult.com/force/airforce-non-combatant-01-2025/
2026-08-24 12:09:10,495 - INFO - Navigating to https://www.sarkariresult.com/force/airforce-non-combatant-01-2025/...
2026-08-24 12:09:10,625 - INFO - [461/689] Scraping: https://www.sarkariresult.com/force/navy-btech-jan2025/
2026-08-24 12:09:12,081 - INFO - Navigating to https://www.sarkariresult.com/force/navy-btech-jan2025/...
2026-08-24 12:09:12,223 - INFO - [462/689] Scraping: https://www.sarkariresult.com/force/airforce-agniveer-02-2025/
2026-08-24 12:09:13,747 - INFO - Navigating to https://www.sarkariresult.com/force/airforce-agniveer-02-2025/...
2026-08-24 12:09:13,868 - INFO - [463/689] Scraping: https://www.sarkariresult.com/force/coast-guard-navik-yantrik-01-2025/
2026-08-24 12:09:15,470 - INFO - Navigating to https://www.sarkariresult.com/force/coast-guard-navik-yantrik-01-2025/...
2026-08-24 12:09:15,707 - INFO - [464/689] Scraping: https://www.sarkariresult.com/force/airforce-group-y-01-2025/
2026-08-24 12:09:17,449 - INFO - Navigating to https://www.sarkariresult.com/force/airforce-group-y-01-2025/...
2026-08-24 12:09:17,590 - INFO - [465/689] Scraping: https://www.sarkariresult.com/force/navy-ssc-jan2025/
2026-08-24 12:09:18,676 - INFO - Navigating to https://www.sarkariresult.com/force/navy-ssc-jan2025/...
2026-08-24 12:09:18,807 - INFO - [466/689] Scraping: https://www.sarkariresult.com/force/coast-guard-ac-cgcat-2025/
2026-08-24 12:09:19,682 - INFO - Navigating to https://www.sarkariresult.com/force/coast-guard-ac-cgcat-2025/...
2026-08-24 12:09:19,809 - INFO - [467/689] Scraping: https://www.sarkariresult.com/force/airforce-intake-01-2025/
2026-08-24 12:09:20,873 - INFO - Navigating to https://www.sarkariresult.com/force/airforce-intake-01-2025/...
2026-08-24 12:09:21,120 - INFO - [468/689] Scraping: https://www.sarkariresult.com/bihar/csbc-bihar-police-driver-02-2025/
2026-08-24 12:09:22,575 - INFO - Navigating to https://www.sarkariresult.com/bihar/csbc-bihar-police-driver-02-2025/...
2026-08-24 12:09:22,702 - INFO - [469/689] Scraping: https://www.sarkariresult.com/2026/rpsc-rajasthan-si-platoon-commander/
2026-08-24 12:09:23,766 - INFO - Navigating to https://www.sarkariresult.com/2026/rpsc-rajasthan-si-platoon-commander/...
2026-08-24 12:09:23,894 - INFO - [470/689] Scraping: https://www.sarkariresult.com/2026/rpsc-jlo-july2025/
2026-08-24 12:09:25,736 - INFO - Navigating to https://www.sarkariresult.com/2026/rpsc-jlo-july2025/...
2026-08-24 12:09:25,933 - INFO - [471/689] Scraping: https://www.sarkariresult.com/2025/mha-ib-mts-25/
2026-08-24 12:09:27,692 - INFO - Navigating to https://www.sarkariresult.com/2025/mha-ib-mts-25/...
2026-08-24 12:09:27,937 - INFO - [472/689] Scraping: https://www.sarkariresult.com/2025/cbse-group-abc-2025/
2026-08-24 12:09:29,144 - INFO - Navigating to https://www.sarkariresult.com/2025/cbse-group-abc-2025/...
2026-08-24 12:09:29,289 - INFO - [473/689] Scraping: https://www.sarkariresult.com/2026/mpesb-pnst-2026/
2026-08-24 12:09:30,997 - INFO - Navigating to https://www.sarkariresult.com/2026/mpesb-pnst-2026/...
2026-08-24 12:09:31,126 - INFO - [474/689] Scraping: https://www.sarkariresult.com/2026/rajasthan-riico-june26/
2026-08-24 12:09:32,412 - INFO - Navigating to https://www.sarkariresult.com/2026/rajasthan-riico-june26/...
2026-08-24 12:09:32,544 - INFO - [475/689] Scraping: https://www.sarkariresult.com/2026/mpesb-addet-2026/
2026-08-24 12:09:34,416 - INFO - Navigating to https://www.sarkariresult.com/2026/mpesb-addet-2026/...
2026-08-24 12:09:34,652 - INFO - [476/689] Scraping: https://www.sarkariresult.com/railway/rrb-ntpc-graduate-06-2025/
2026-08-24 12:09:36,409 - INFO - Navigating to https://www.sarkariresult.com/railway/rrb-ntpc-graduate-06-2025/...
2026-08-24 12:09:36,561 - INFO - [477/689] Scraping: https://www.sarkariresult.com/2026/uppsc-atp-november25/
2026-08-24 12:09:37,446 - INFO - Navigating to https://www.sarkariresult.com/2026/uppsc-atp-november25/...
2026-08-24 12:09:37,584 - INFO - [478/689] Scraping: https://www.sarkariresult.com/railway/rrb-junior-engineer-cen-05-2025/
2026-08-24 12:09:39,273 - INFO - Navigating to https://www.sarkariresult.com/railway/rrb-junior-engineer-cen-05-2025/...
2026-08-24 12:09:39,418 - INFO - [479/689] Scraping: https://www.sarkariresult.com/2026/swd-up-free-coaching-2/
2026-08-24 12:09:40,259 - INFO - Navigating to https://www.sarkariresult.com/2026/swd-up-free-coaching-2/...
2026-08-24 12:09:40,392 - INFO - [480/689] Scraping: https://www.sarkariresult.com/2025/up-police-si-03-2025/
2026-08-24 12:09:42,022 - INFO - Navigating to https://www.sarkariresult.com/2025/up-police-si-03-2025/...
2026-08-24 12:09:42,167 - INFO - [481/689] Scraping: https://www.sarkariresult.com/2026/iert-admissions-2026/
2026-08-24 12:09:43,100 - INFO - Navigating to https://www.sarkariresult.com/2026/iert-admissions-2026/...
2026-08-24 12:09:43,235 - INFO - [482/689] Scraping: https://www.sarkariresult.com/railway/rrb-technician-cen-02-2025/
2026-08-24 12:09:44,518 - INFO - Navigating to https://www.sarkariresult.com/railway/rrb-technician-cen-02-2025/...
2026-08-24 12:09:44,767 - INFO - [483/689] Scraping: https://www.sarkariresult.com/railway/rrb-paramedical-03-2025/
2026-08-24 12:09:45,867 - INFO - Navigating to https://www.sarkariresult.com/railway/rrb-paramedical-03-2025/...
2026-08-24 12:09:46,003 - INFO - [484/689] Scraping: https://www.sarkariresult.com/upsc/upsc-geo-scientist-2026/
2026-08-24 12:09:47,962 - INFO - Navigating to https://www.sarkariresult.com/upsc/upsc-geo-scientist-2026/...
2026-08-24 12:09:48,083 - INFO - [485/689] Scraping: https://www.sarkariresult.com/upsc/upsc-engg-2026/
2026-08-24 12:09:50,082 - INFO - Navigating to https://www.sarkariresult.com/upsc/upsc-engg-2026/...
2026-08-24 12:09:50,213 - INFO - [486/689] Scraping: https://www.sarkariresult.com/2025/drdo-ceptam-11/
2026-08-24 12:09:52,059 - INFO - Navigating to https://www.sarkariresult.com/2025/drdo-ceptam-11/...
2026-08-24 12:09:52,303 - INFO - [487/689] Scraping: https://www.sarkariresult.com/2026/rajasthan-ptet-june26/
2026-08-24 12:09:53,833 - INFO - Navigating to https://www.sarkariresult.com/2026/rajasthan-ptet-june26/...
2026-08-24 12:09:54,018 - INFO - [488/689] Scraping: https://www.sarkariresult.com/2026/sgpgi-nursing-officer/
2026-08-24 12:09:55,450 - INFO - Navigating to https://www.sarkariresult.com/2026/sgpgi-nursing-officer/...
2026-08-24 12:09:55,587 - INFO - [489/689] Scraping: https://www.sarkariresult.com/2026/bpsc-aes-88-2025/
2026-08-24 12:09:56,986 - INFO - Navigating to https://www.sarkariresult.com/2026/bpsc-aes-88-2025/...
2026-08-24 12:09:57,130 - INFO - [490/689] Scraping: https://www.sarkariresult.com/2026/bpsc-stenographer-01-2026/
2026-08-24 12:09:58,053 - INFO - Navigating to https://www.sarkariresult.com/2026/bpsc-stenographer-01-2026/...
2026-08-24 12:09:58,307 - INFO - [491/689] Scraping: https://www.sarkariresult.com/2026/nta-jipmat-2026/
2026-08-24 12:09:59,477 - INFO - Navigating to https://www.sarkariresult.com/2026/nta-jipmat-2026/...
2026-08-24 12:09:59,614 - INFO - [492/689] Scraping: https://www.sarkariresult.com/2026/bihar-2yr-bed-2/
2026-08-24 12:10:00,661 - INFO - Navigating to https://www.sarkariresult.com/2026/bihar-2yr-bed-2/...
2026-08-24 12:10:00,784 - INFO - [493/689] Scraping: https://www.sarkariresult.com/railway/rrb-section-controller-04-2025/
2026-08-24 12:10:01,763 - INFO - Navigating to https://www.sarkariresult.com/railway/rrb-section-controller-04-2025/...
2026-08-24 12:10:01,890 - INFO - [494/689] Scraping: https://www.sarkariresult.com/cg/cgpsc-sse-2025/
2026-08-24 12:10:03,119 - INFO - Navigating to https://www.sarkariresult.com/cg/cgpsc-sse-2025/...
2026-08-24 12:10:03,369 - INFO - [495/689] Scraping: https://www.sarkariresult.com/2026/all-india-bar-aibe-21/
2026-08-24 12:10:05,177 - INFO - Navigating to https://www.sarkariresult.com/2026/all-india-bar-aibe-21/...
2026-08-24 12:10:05,315 - INFO - [496/689] Scraping: https://www.sarkariresult.com/2026/bihar-dcece-2026/
2026-08-24 12:10:07,048 - INFO - Navigating to https://www.sarkariresult.com/2026/bihar-dcece-2026/...
2026-08-24 12:10:07,175 - INFO - [497/689] Scraping: https://www.sarkariresult.com/2026/imu-cet-2026/
2026-08-24 12:10:08,524 - INFO - Navigating to https://www.sarkariresult.com/2026/imu-cet-2026/...
2026-08-24 12:10:08,645 - INFO - [498/689] Scraping: https://www.sarkariresult.com/2026/duvasu-mathura-pvt-2026/
2026-08-24 12:10:10,567 - INFO - Navigating to https://www.sarkariresult.com/2026/duvasu-mathura-pvt-2026/...
2026-08-24 12:10:10,818 - INFO - [499/689] Scraping: https://www.sarkariresult.com/2025/ncert-group-abc/
2026-08-24 12:10:11,784 - INFO - Navigating to https://www.sarkariresult.com/2025/ncert-group-abc/...
2026-08-24 12:10:11,917 - INFO - [500/689] Scraping: https://www.sarkariresult.com/bihar/bpssc-sub-inspector-05-2025/
2026-08-24 12:10:13,231 - INFO - Navigating to https://www.sarkariresult.com/bihar/bpssc-sub-inspector-05-2025/...
2026-08-24 12:10:13,375 - INFO - [501/689] Scraping: https://www.sarkariresult.com/2026/jee-advanced-2026/
2026-08-24 12:10:14,557 - INFO - Navigating to https://www.sarkariresult.com/2026/jee-advanced-2026/...
2026-08-24 12:10:14,690 - INFO - [502/689] Scraping: https://www.sarkariresult.com/railway/rrb-ntpc-ug-07-2025/
2026-08-24 12:10:16,595 - INFO - Navigating to https://www.sarkariresult.com/railway/rrb-ntpc-ug-07-2025/...
2026-08-24 12:10:16,829 - INFO - [503/689] Scraping: https://www.sarkariresult.com/2026/nta-cuet-ug-2026/
2026-08-24 12:10:18,794 - INFO - Navigating to https://www.sarkariresult.com/2026/nta-cuet-ug-2026/...
2026-08-24 12:10:18,919 - INFO - [504/689] Scraping: https://www.sarkariresult.com/bihar/bpsc-aedo-87-2025/
2026-08-24 12:10:20,135 - INFO - Navigating to https://www.sarkariresult.com/bihar/bpsc-aedo-87-2025/...
2026-08-24 12:10:20,280 - INFO - [505/689] Scraping: https://www.sarkariresult.com/mp/mp-pat-2026/
2026-08-24 12:10:21,600 - INFO - Navigating to https://www.sarkariresult.com/mp/mp-pat-2026/...
2026-08-24 12:10:21,735 - INFO - [506/689] Scraping: https://www.sarkariresult.com/2026/nta-ntet-2026/
2026-08-24 12:10:23,260 - INFO - Navigating to https://www.sarkariresult.com/2026/nta-ntet-2026/...
2026-08-24 12:10:23,508 - INFO - [507/689] Scraping: https://www.sarkariresult.com/2026/nta-nift-2026/
2026-08-24 12:10:25,485 - INFO - Navigating to https://www.sarkariresult.com/2026/nta-nift-2026/...
2026-08-24 12:10:25,621 - INFO - [508/689] Scraping: https://www.sarkariresult.com/2026/nta-nchm-jee-2026/
2026-08-24 12:10:26,966 - INFO - Navigating to https://www.sarkariresult.com/2026/nta-nchm-jee-2026/...
2026-08-24 12:10:27,099 - INFO - [509/689] Scraping: https://www.sarkariresult.com/upload/Bihar%20Vidhan%20Sabha%20DEO%20Exam%20Notice%202026.pdf
2026-08-24 12:10:28,926 - INFO - Navigating to https://www.sarkariresult.com/upload/Bihar%20Vidhan%20Sabha%20DEO%20Exam%20Notice%202026.pdf...
2026-08-24 12:10:29,119 - INFO - Skipping https://www.sarkariresult.com/upload/Bihar%20Vidhan%20Sabha%20DEO%20Exam%20Notice%202026.pdf as it has no importantLinks (empty page)
2026-08-24 12:10:29,119 - INFO - [510/689] Scraping: https://www.sarkariresult.com/2026/bhu-set-chs-2026/
2026-08-24 12:10:30,481 - INFO - Navigating to https://www.sarkariresult.com/2026/bhu-set-chs-2026/...
2026-08-24 12:10:30,728 - INFO - [511/689] Scraping: https://www.sarkariresult.com/rpsc/rajasthan-aae-03-2025/
2026-08-24 12:10:32,323 - INFO - Navigating to https://www.sarkariresult.com/rpsc/rajasthan-aae-03-2025/...
2026-08-24 12:10:32,449 - INFO - [512/689] Scraping: https://www.sarkariresult.com/2026/nta-ncet-2026/
2026-08-24 12:10:33,742 - INFO - Navigating to https://www.sarkariresult.com/2026/nta-ncet-2026/...
2026-08-24 12:10:33,872 - INFO - [513/689] Scraping: https://www.sarkariresult.com/2026/nta-nssnet-2026/
2026-08-24 12:10:35,238 - INFO - Navigating to https://www.sarkariresult.com/2026/nta-nssnet-2026/...
2026-08-24 12:10:35,374 - INFO - [514/689] Scraping: https://www.sarkariresult.com/rpsc/rpsc-sub-inspector-05-2025/
2026-08-24 12:10:37,028 - INFO - Navigating to https://www.sarkariresult.com/rpsc/rpsc-sub-inspector-05-2025/...
2026-08-24 12:10:37,246 - INFO - [515/689] Scraping: https://www.sarkariresult.com/upsc/upsc-nda-i-2026/
2026-08-24 12:10:38,577 - INFO - Navigating to https://www.sarkariresult.com/upsc/upsc-nda-i-2026/...
2026-08-24 12:10:38,712 - INFO - [516/689] Scraping: https://www.sarkariresult.com/upsc/upsc-cds-i-2026/
2026-08-24 12:10:39,585 - INFO - Navigating to https://www.sarkariresult.com/upsc/upsc-cds-i-2026/...
2026-08-24 12:10:39,900 - INFO - [517/689] Scraping: https://www.sarkariresult.com/2026/nta-jeemain-session-2/
2026-08-24 12:10:41,000 - INFO - Navigating to https://www.sarkariresult.com/2026/nta-jeemain-session-2/...
2026-08-24 12:10:41,151 - INFO - [518/689] Scraping: https://www.sarkariresult.com/upload/UPP_COmputer_Operator_2025_ExamDate.pdf
2026-08-24 12:10:42,759 - INFO - Navigating to https://www.sarkariresult.com/upload/UPP_COmputer_Operator_2025_ExamDate.pdf...
2026-08-24 12:10:43,027 - INFO - Skipping https://www.sarkariresult.com/upload/UPP_COmputer_Operator_2025_ExamDate.pdf as it has no importantLinks (empty page)
2026-08-24 12:10:43,027 - INFO - [519/689] Scraping: https://www.sarkariresult.com/upload/UPP_Assistant_Operator_Exam_date_2026.pdf
2026-08-24 12:10:44,092 - INFO - Navigating to https://www.sarkariresult.com/upload/UPP_Assistant_Operator_Exam_date_2026.pdf...
2026-08-24 12:10:44,397 - INFO - Skipping https://www.sarkariresult.com/upload/UPP_Assistant_Operator_Exam_date_2026.pdf as it has no importantLinks (empty page)
2026-08-24 12:10:44,397 - INFO - [520/689] Scraping: https://www.sarkariresult.com/2025/emrs-tgt-pgt-other-2025/
2026-08-24 12:10:46,311 - INFO - Navigating to https://www.sarkariresult.com/2025/emrs-tgt-pgt-other-2025/...
2026-08-24 12:10:46,452 - INFO - [521/689] Scraping: https://www.sarkariresult.com/2026/nvs-class-6th-admissions/
2026-08-24 12:10:47,562 - INFO - Navigating to https://www.sarkariresult.com/2026/nvs-class-6th-admissions/...
2026-08-24 12:10:47,762 - INFO - [522/689] Scraping: https://www.sarkariresult.com/2026/nta-cuet-pg-2026/
2026-08-24 12:10:49,109 - INFO - Navigating to https://www.sarkariresult.com/2026/nta-cuet-pg-2026/...
2026-08-24 12:10:49,346 - INFO - [523/689] Scraping: https://www.sarkariresult.com/bihar/bpssc-enforcement-si-03-2025/
2026-08-24 12:10:50,775 - INFO - Navigating to https://www.sarkariresult.com/bihar/bpssc-enforcement-si-03-2025/...
2026-08-24 12:10:51,239 - INFO - [524/689] Scraping: https://www.sarkariresult.com/mp/mpesb-constable-2025/
2026-08-24 12:10:52,145 - INFO - Navigating to https://www.sarkariresult.com/mp/mpesb-constable-2025/...
2026-08-24 12:10:52,263 - INFO - [525/689] Scraping: https://www.sarkariresult.com/force/navy-incet-01-2025/
2026-08-24 12:10:53,607 - INFO - Navigating to https://www.sarkariresult.com/force/navy-incet-01-2025/...
2026-08-24 12:10:53,729 - INFO - [526/689] Scraping: https://www.sarkariresult.com/bank/ibps-rrb-14th-2025/
2026-08-24 12:10:55,598 - INFO - Navigating to https://www.sarkariresult.com/bank/ibps-rrb-14th-2025/...
2026-08-24 12:10:55,843 - INFO - [527/689] Scraping: https://www.sarkariresult.com/force/afcat-01-2026/
2026-08-24 12:10:57,012 - INFO - Navigating to https://www.sarkariresult.com/force/afcat-01-2026/...
2026-08-24 12:10:57,147 - INFO - [528/689] Scraping: https://www.sarkariresult.com/bihar/bpsc-spl-school-teacher-42-2025/
2026-08-24 12:10:58,180 - INFO - Navigating to https://www.sarkariresult.com/bihar/bpsc-spl-school-teacher-42-2025/...
2026-08-24 12:10:59,090 - INFO - [529/689] Scraping: https://www.sarkariresult.com/2026/nta-cmat-2026/
2026-08-24 12:11:00,536 - INFO - Navigating to https://www.sarkariresult.com/2026/nta-cmat-2026/...
2026-08-24 12:11:00,653 - INFO - [530/689] Scraping: https://www.sarkariresult.com/2026/nta-jeemain-session1/
2026-08-24 12:11:02,395 - INFO - Navigating to https://www.sarkariresult.com/2026/nta-jeemain-session1/...
2026-08-24 12:11:02,692 - INFO - [531/689] Scraping: https://www.sarkariresult.com/2025/neet-pg-2025/
2026-08-24 12:11:04,127 - INFO - Navigating to https://www.sarkariresult.com/2025/neet-pg-2025/...
2026-08-24 12:11:04,268 - INFO - [532/689] Scraping: https://www.sarkariresult.com/2025/rajasthan-ptet-2025/
2026-08-24 12:11:06,012 - INFO - Navigating to https://www.sarkariresult.com/2025/rajasthan-ptet-2025/...
2026-08-24 12:11:06,185 - INFO - [533/689] Scraping: https://www.sarkariresult.com/2025/up-cpet-2025/
2026-08-24 12:11:07,759 - INFO - Navigating to https://www.sarkariresult.com/2025/up-cpet-2025/...
2026-08-24 12:11:08,294 - INFO - [534/689] Scraping: https://www.sarkariresult.com/mp/mpesb-anmtst-2025/
2026-08-24 12:11:10,148 - INFO - Navigating to https://www.sarkariresult.com/mp/mpesb-anmtst-2025/...
2026-08-24 12:11:10,417 - INFO - [535/689] Scraping: https://www.sarkariresult.com/mp/mpesb-addet-2025/
2026-08-24 12:11:12,064 - INFO - Navigating to https://www.sarkariresult.com/mp/mpesb-addet-2025/...
2026-08-24 12:11:12,200 - INFO - [536/689] Scraping: https://www.sarkariresult.com/2025/duvasu-mathura-pvt/
2026-08-24 12:11:13,191 - INFO - Navigating to https://www.sarkariresult.com/2025/duvasu-mathura-pvt/...
2026-08-24 12:11:14,343 - INFO - [537/689] Scraping: https://www.sarkariresult.com/2025/bihar-iti-cat-2025/
2026-08-24 12:11:15,246 - INFO - Navigating to https://www.sarkariresult.com/2025/bihar-iti-cat-2025/...
2026-08-24 12:11:15,385 - INFO - [538/689] Scraping: https://www.sarkariresult.com/2025/cipet-admissions/
2026-08-24 12:11:16,811 - INFO - Navigating to https://www.sarkariresult.com/2025/cipet-admissions/...
2026-08-24 12:11:17,158 - INFO - [539/689] Scraping: https://www.sarkariresult.com/2025/allahabad-university-pgat/
2026-08-24 12:11:18,373 - INFO - Navigating to https://www.sarkariresult.com/2025/allahabad-university-pgat/...
2026-08-24 12:11:18,508 - INFO - [540/689] Scraping: https://www.sarkariresult.com/2025/nta-nift/
2026-08-24 12:11:20,447 - INFO - Navigating to https://www.sarkariresult.com/2025/nta-nift/...
2026-08-24 12:11:20,696 - INFO - [541/689] Scraping: https://www.sarkariresult.com/2025/upcatet-2025/
2026-08-24 12:11:22,330 - INFO - Navigating to https://www.sarkariresult.com/2025/upcatet-2025/...
2026-08-24 12:11:22,717 - INFO - [542/689] Scraping: https://www.sarkariresult.com/2025/up-polytechnic-jeecup/
2026-08-24 12:11:23,877 - INFO - Navigating to https://www.sarkariresult.com/2025/up-polytechnic-jeecup/...
2026-08-24 12:11:24,218 - INFO - [543/689] Scraping: https://www.sarkariresult.com/2025/upbed-2025/
2026-08-24 12:11:25,359 - INFO - Navigating to https://www.sarkariresult.com/2025/upbed-2025/...
2026-08-24 12:11:25,488 - INFO - [544/689] Scraping: https://www.sarkariresult.com/2025/nta-cuet-ug-2025/
2026-08-24 12:11:26,672 - INFO - Navigating to https://www.sarkariresult.com/2025/nta-cuet-ug-2025/...
2026-08-24 12:11:26,800 - INFO - [545/689] Scraping: https://www.sarkariresult.com/2025/gpat-2025/
2026-08-24 12:11:28,792 - INFO - Navigating to https://www.sarkariresult.com/2025/gpat-2025/...
2026-08-24 12:11:28,918 - INFO - [546/689] Scraping: https://www.sarkariresult.com/2025/bihar-bed-2-year/
2026-08-24 12:11:29,756 - INFO - Navigating to https://www.sarkariresult.com/2025/bihar-bed-2-year/...
2026-08-24 12:11:30,003 - INFO - [547/689] Scraping: https://www.sarkariresult.com/2025/up-cnet-2025/
2026-08-24 12:11:31,519 - INFO - Navigating to https://www.sarkariresult.com/2025/up-cnet-2025/...
2026-08-24 12:11:31,716 - INFO - [548/689] Scraping: https://www.sarkariresult.com/2025/iit-jee-advanced/
2026-08-24 12:11:33,131 - INFO - Navigating to https://www.sarkariresult.com/2025/iit-jee-advanced/...
2026-08-24 12:11:33,269 - INFO - [549/689] Scraping: https://www.sarkariresult.com/2025/nta-nssnet-2025/
2026-08-24 12:11:35,024 - INFO - Navigating to https://www.sarkariresult.com/2025/nta-nssnet-2025/...
2026-08-24 12:11:35,205 - INFO - [550/689] Scraping: https://www.sarkariresult.com/2025/nta-neet-ug-2025/
2026-08-24 12:11:36,234 - INFO - Navigating to https://www.sarkariresult.com/2025/nta-neet-ug-2025/...
2026-08-24 12:11:36,613 - INFO - [551/689] Scraping: https://www.sarkariresult.com/2025/nta-ncet-2025/
2026-08-24 12:11:37,526 - INFO - Navigating to https://www.sarkariresult.com/2025/nta-ncet-2025/...
2026-08-24 12:11:37,653 - INFO - [552/689] Scraping: https://www.sarkariresult.com/2025/swd-ias-pcs-free-coaching/
2026-08-24 12:11:38,934 - INFO - Navigating to https://www.sarkariresult.com/2025/swd-ias-pcs-free-coaching/...
2026-08-24 12:11:39,250 - INFO - [553/689] Scraping: https://www.sarkariresult.com/2025/nta-nchmjee-2025/
2026-08-24 12:11:41,221 - INFO - Navigating to https://www.sarkariresult.com/2025/nta-nchmjee-2025/...
2026-08-24 12:11:41,349 - INFO - [554/689] Scraping: https://www.sarkariresult.com/2025/nta-jipmat-2025/
2026-08-24 12:11:42,377 - INFO - Navigating to https://www.sarkariresult.com/2025/nta-jipmat-2025/...
2026-08-24 12:11:42,628 - INFO - [555/689] Scraping: https://www.sarkariresult.com/2025/jee-main-april-25/
2026-08-24 12:11:43,615 - INFO - Navigating to https://www.sarkariresult.com/2025/jee-main-april-25/...
2026-08-24 12:11:43,742 - INFO - [556/689] Scraping: https://www.sarkariresult.com/2025/nta-aissee-2025/
2026-08-24 12:11:45,169 - INFO - Navigating to https://www.sarkariresult.com/2025/nta-aissee-2025/...
2026-08-24 12:11:45,300 - INFO - [557/689] Scraping: https://www.sarkariresult.com/2025/nvs-class-6/
2026-08-24 12:11:46,233 - INFO - Navigating to https://www.sarkariresult.com/2025/nvs-class-6/...
2026-08-24 12:11:46,365 - INFO - [558/689] Scraping: https://www.sarkariresult.com/2025/nta-cuet-pg-2025/
2026-08-24 12:11:47,670 - INFO - Navigating to https://www.sarkariresult.com/2025/nta-cuet-pg-2025/...
2026-08-24 12:11:47,920 - INFO - [559/689] Scraping: https://www.sarkariresult.com/2025/bihar-deled-admissions/
2026-08-24 12:11:49,838 - INFO - Navigating to https://www.sarkariresult.com/2025/bihar-deled-admissions/...
2026-08-24 12:11:49,967 - INFO - [560/689] Scraping: https://www.sarkariresult.com/2025/gate-exam/
2026-08-24 12:11:51,673 - INFO - Navigating to https://www.sarkariresult.com/2025/gate-exam/...
2026-08-24 12:11:51,871 - INFO - [561/689] Scraping: https://www.sarkariresult.com/2025/nta-cmat/
2026-08-24 12:11:53,373 - INFO - Navigating to https://www.sarkariresult.com/2025/nta-cmat/...
2026-08-24 12:11:53,510 - INFO - [562/689] Scraping: https://www.sarkariresult.com/2025/jeemain-session-1/
2026-08-24 12:11:55,104 - INFO - Navigating to https://www.sarkariresult.com/2025/jeemain-session-1/...
2026-08-24 12:11:55,356 - INFO - [563/689] Scraping: https://www.sarkariresult.com/2025/nvs-class-9th/
2026-08-24 12:11:56,748 - INFO - Navigating to https://www.sarkariresult.com/2025/nvs-class-9th/...
2026-08-24 12:11:56,876 - INFO - [564/689] Scraping: https://www.sarkariresult.com/2025/iit-jam-exam/
2026-08-24 12:11:57,915 - INFO - Navigating to https://www.sarkariresult.com/2025/iit-jam-exam/...
2026-08-24 12:11:58,038 - INFO - [565/689] Scraping: https://www.sarkariresult.com/ssc/ssc-calendar-2025/
2026-08-24 12:11:59,260 - INFO - Navigating to https://www.sarkariresult.com/ssc/ssc-calendar-2025/...
2026-08-24 12:11:59,397 - INFO - [566/689] Scraping: https://www.sarkariresult.com/2025/clat-admissions/
2026-08-24 12:12:00,994 - INFO - Navigating to https://www.sarkariresult.com/2025/clat-admissions/...
2026-08-24 12:12:01,248 - INFO - [567/689] Scraping: https://www.sarkariresult.com/2026/bseh-compartment-result-2026/
2026-08-24 12:12:02,148 - INFO - Navigating to https://www.sarkariresult.com/2026/bseh-compartment-result-2026/...
2026-08-24 12:12:02,325 - INFO - [568/689] Scraping: https://www.sarkariresult.com/2026/bseb-bihar-deled-2026/
2026-08-24 12:12:04,007 - INFO - Navigating to https://www.sarkariresult.com/2026/bseb-bihar-deled-2026/...
2026-08-24 12:12:04,122 - INFO - [569/689] Scraping: https://www.sarkariresult.com/2026/cisce-result-2026/
2026-08-24 12:12:05,762 - INFO - Navigating to https://www.sarkariresult.com/2026/cisce-result-2026/...
2026-08-24 12:12:05,889 - INFO - [570/689] Scraping: https://www.sarkariresult.com/rpsc/army-agniveer-2026/
2026-08-24 12:12:07,836 - INFO - Navigating to https://www.sarkariresult.com/rpsc/army-agniveer-2026/...
2026-08-24 12:12:08,051 - INFO - [571/689] Scraping: https://www.sarkariresult.com/2026/up-board-result-2026/
2026-08-24 12:12:09,123 - INFO - Navigating to https://www.sarkariresult.com/2026/up-board-result-2026/...
2026-08-24 12:12:09,252 - INFO - [572/689] Scraping: https://www.sarkariresult.com/wp-content/uploads/2024/11/mhaibjio2025_finalresult.pdf
2026-08-24 12:12:10,483 - INFO - Navigating to https://www.sarkariresult.com/wp-content/uploads/2024/11/mhaibjio2025_finalresult.pdf...
2026-08-24 12:12:10,590 - INFO - Skipping https://www.sarkariresult.com/wp-content/uploads/2024/11/mhaibjio2025_finalresult.pdf as it has no importantLinks (empty page)
2026-08-24 12:12:10,590 - INFO - [573/689] Scraping: https://www.sarkariresult.com/2026/up-cahet-2026/
2026-08-24 12:12:11,818 - INFO - Navigating to https://www.sarkariresult.com/2026/up-cahet-2026/...
2026-08-24 12:12:11,949 - INFO - [574/689] Scraping: https://www.sarkariresult.com/2026/rsos-results-june26/
2026-08-24 12:12:12,813 - INFO - Navigating to https://www.sarkariresult.com/2026/rsos-results-june26/...
2026-08-24 12:12:12,946 - INFO - [575/689] Scraping: https://www.sarkariresult.com/wp-content/uploads/2026/06/UKSSSC_Driver_Result_2026.pdf
2026-08-24 12:12:14,144 - INFO - Navigating to https://www.sarkariresult.com/wp-content/uploads/2026/06/UKSSSC_Driver_Result_2026.pdf...
2026-08-24 12:12:16,273 - INFO - Skipping https://www.sarkariresult.com/wp-content/uploads/2026/06/UKSSSC_Driver_Result_2026.pdf as it has no importantLinks (empty page)
2026-08-24 12:12:16,273 - INFO - [576/689] Scraping: https://www.sarkariresult.com/wp-content/uploads/2026/06/sbi_Clerk_WaitingList_Junior-Associates-WL-1-2025.pdf
2026-08-24 12:12:17,661 - INFO - Navigating to https://www.sarkariresult.com/wp-content/uploads/2026/06/sbi_Clerk_WaitingList_Junior-Associates-WL-1-2025.pdf...
2026-08-24 12:12:17,803 - INFO - Skipping https://www.sarkariresult.com/wp-content/uploads/2026/06/sbi_Clerk_WaitingList_Junior-Associates-WL-1-2025.pdf as it has no importantLinks (empty page)
2026-08-24 12:12:17,803 - INFO - [577/689] Scraping: https://www.sarkariresult.com/2026/mpbse-mp-result-2026/
2026-08-24 12:12:19,117 - INFO - Navigating to https://www.sarkariresult.com/2026/mpbse-mp-result-2026/...
2026-08-24 12:12:19,244 - INFO - [578/689] Scraping: https://www.sarkariresult.com/wp-content/uploads/2026/06/SarkariResult.Com_BSF_Constable_Tradesman_Result.pdf
2026-08-24 12:12:20,065 - INFO - Navigating to https://www.sarkariresult.com/wp-content/uploads/2026/06/SarkariResult.Com_BSF_Constable_Tradesman_Result.pdf...
2026-08-24 12:12:20,525 - INFO - Skipping https://www.sarkariresult.com/wp-content/uploads/2026/06/SarkariResult.Com_BSF_Constable_Tradesman_Result.pdf as it has no importantLinks (empty page)
2026-08-24 12:12:20,525 - INFO - [579/689] Scraping: https://www.sarkariresult.com/2026/bseb-10-result-2026/
2026-08-24 12:12:22,018 - INFO - Navigating to https://www.sarkariresult.com/2026/bseb-10-result-2026/...
2026-08-24 12:12:22,271 - INFO - [580/689] Scraping: https://www.sarkariresult.com/2026/bseb-12th-result-2026/
2026-08-24 12:12:24,250 - INFO - Navigating to https://www.sarkariresult.com/2026/bseb-12th-result-2026/...
2026-08-24 12:12:24,386 - INFO - [581/689] Scraping: https://www.sarkariresult.com/2026/maharashtra-ssc-result/
2026-08-24 12:12:25,386 - INFO - Navigating to https://www.sarkariresult.com/2026/maharashtra-ssc-result/...
2026-08-24 12:12:25,561 - INFO - [582/689] Scraping: https://www.sarkariresult.com/2026/ofss-bihar-11th/
2026-08-24 12:12:26,887 - INFO - Navigating to https://www.sarkariresult.com/2026/ofss-bihar-11th/...
2026-08-24 12:12:27,009 - INFO - [583/689] Scraping: https://www.sarkariresult.com/2025/mha-ib-sa-mt-2025/
2026-08-24 12:12:28,127 - INFO - Navigating to https://www.sarkariresult.com/2025/mha-ib-sa-mt-2025/...
2026-08-24 12:12:28,369 - INFO - [584/689] Scraping: https://www.sarkariresult.com/2026/maharashtra-board-result/
2026-08-24 12:12:29,772 - INFO - Navigating to https://www.sarkariresult.com/2026/maharashtra-board-result/...
2026-08-24 12:12:29,917 - INFO - [585/689] Scraping: https://www.sarkariresult.com/2026/cgboard-result/
2026-08-24 12:12:30,902 - INFO - Navigating to https://www.sarkariresult.com/2026/cgboard-result/...
2026-08-24 12:12:31,022 - INFO - [586/689] Scraping: https://www.sarkariresult.com/2026/ubse-class-10th-12th-result/
2026-08-24 12:12:32,738 - INFO - Navigating to https://www.sarkariresult.com/2026/ubse-class-10th-12th-result/...
2026-08-24 12:12:32,866 - INFO - [587/689] Scraping: https://www.sarkariresult.com/2026/jac-10th-result-2026/
2026-08-24 12:12:34,585 - INFO - Navigating to https://www.sarkariresult.com/2026/jac-10th-result-2026/...
2026-08-24 12:12:34,721 - INFO - [588/689] Scraping: https://www.sarkariresult.com/ssc/ssc-cpo-si-2025/
2026-08-24 12:12:35,707 - INFO - Navigating to https://www.sarkariresult.com/ssc/ssc-cpo-si-2025/...
2026-08-24 12:12:36,010 - INFO - [589/689] Scraping: https://www.sarkariresult.com/bank/lic-aao-ae-2025/
2026-08-24 12:12:37,805 - INFO - Navigating to https://www.sarkariresult.com/bank/lic-aao-ae-2025/...
2026-08-24 12:12:38,022 - INFO - [590/689] Scraping: https://www.sarkariresult.com/2026/kvs-class-1-admissions/
2026-08-24 12:12:39,529 - INFO - Navigating to https://www.sarkariresult.com/2026/kvs-class-1-admissions/...
2026-08-24 12:12:39,677 - INFO - [591/689] Scraping: https://www.sarkariresult.com/2026/rbse-12th-result-2026/
2026-08-24 12:12:41,183 - INFO - Navigating to https://www.sarkariresult.com/2026/rbse-12th-result-2026/...
2026-08-24 12:12:41,314 - INFO - [592/689] Scraping: https://www.sarkariresult.com/2026/mp-class6-8-result/
2026-08-24 12:12:43,163 - INFO - Navigating to https://www.sarkariresult.com/2026/mp-class6-8-result/...
2026-08-24 12:12:43,414 - INFO - [593/689] Scraping: https://www.sarkariresult.com/2026/rbse-5th-8th-result/
2026-08-24 12:12:44,242 - INFO - Navigating to https://www.sarkariresult.com/2026/rbse-5th-8th-result/...
2026-08-24 12:12:44,367 - INFO - [594/689] Scraping: https://www.sarkariresult.com/2026/rbse-10th-result/
2026-08-24 12:12:46,335 - INFO - Navigating to https://www.sarkariresult.com/2026/rbse-10th-result/...
2026-08-24 12:12:46,460 - INFO - [595/689] Scraping: https://www.sarkariresult.com/2026/gate-2026/
2026-08-24 12:12:47,861 - INFO - Navigating to https://www.sarkariresult.com/2026/gate-2026/...
2026-08-24 12:12:48,055 - INFO - [596/689] Scraping: https://www.sarkariresult.com/upload/BPSSC_SI_Result_2025.pdf
2026-08-24 12:12:49,267 - INFO - Navigating to https://www.sarkariresult.com/upload/BPSSC_SI_Result_2025.pdf...
2026-08-24 12:12:50,132 - INFO - Skipping https://www.sarkariresult.com/upload/BPSSC_SI_Result_2025.pdf as it has no importantLinks (empty page)
2026-08-24 12:12:50,132 - INFO - [597/689] Scraping: https://www.sarkariresult.com/2025/jac-12th-result/
2026-08-24 12:12:51,044 - INFO - Navigating to https://www.sarkariresult.com/2025/jac-12th-result/...
2026-08-24 12:12:51,162 - INFO - [598/689] Scraping: https://www.sarkariresult.com/2025/ofss-bihar-admissions/
2026-08-24 12:12:52,498 - INFO - Navigating to https://www.sarkariresult.com/2025/ofss-bihar-admissions/...
2026-08-24 12:12:52,617 - INFO - [599/689] Scraping: https://www.sarkariresult.com/2025/bihar-board-online/
2026-08-24 12:12:54,156 - INFO - Navigating to https://www.sarkariresult.com/2025/bihar-board-online/...
2026-08-24 12:12:54,284 - INFO - [600/689] Scraping: https://www.sarkariresult.com/2025/rajasthan-board-result-2025/
2026-08-24 12:12:56,189 - INFO - Navigating to https://www.sarkariresult.com/2025/rajasthan-board-result-2025/...
2026-08-24 12:12:56,436 - INFO - [601/689] Scraping: https://www.sarkariresult.com/2025/jac-10th-result-2025/
2026-08-24 12:12:57,625 - INFO - Navigating to https://www.sarkariresult.com/2025/jac-10th-result-2025/...
2026-08-24 12:12:57,756 - INFO - [602/689] Scraping: https://www.sarkariresult.com/2025/upmsp-up-board/
2026-08-24 12:12:58,654 - INFO - Navigating to https://www.sarkariresult.com/2025/upmsp-up-board/...
2026-08-24 12:12:58,780 - INFO - [603/689] Scraping: https://www.sarkariresult.com/2025/bihar-board-bseb-12th-result/
2026-08-24 12:13:00,285 - INFO - Navigating to https://www.sarkariresult.com/2025/bihar-board-bseb-12th-result/...
2026-08-24 12:13:00,420 - INFO - [604/689] Scraping: https://www.sarkariresult.com/2025/bihar-board-bseb-10th-result/
2026-08-24 12:13:01,780 - INFO - Navigating to https://www.sarkariresult.com/2025/bihar-board-bseb-10th-result/...
2026-08-24 12:13:02,030 - INFO - [605/689] Scraping: https://www.sarkariresult.com/2025/upsc-exam-calendar-2026/
2026-08-24 12:13:03,171 - INFO - Navigating to https://www.sarkariresult.com/2025/upsc-exam-calendar-2026/...
2026-08-24 12:13:03,305 - INFO - [606/689] Scraping: https://www.sarkariresult.com/2025/hbse-bseh-10th-result/
2026-08-24 12:13:04,548 - INFO - Navigating to https://www.sarkariresult.com/2025/hbse-bseh-10th-result/...
2026-08-24 12:13:04,729 - INFO - [607/689] Scraping: https://www.sarkariresult.com/2025/cbse-board/
2026-08-24 12:13:05,702 - INFO - Navigating to https://www.sarkariresult.com/2025/cbse-board/...
2026-08-24 12:13:05,892 - INFO - [608/689] Scraping: https://www.sarkariresult.com/2025/hbse-bseh-12th-result/
2026-08-24 12:13:07,417 - INFO - Navigating to https://www.sarkariresult.com/2025/hbse-bseh-12th-result/...
2026-08-24 12:13:07,670 - INFO - [609/689] Scraping: https://www.sarkariresult.com/2025/cgbse-10th-12th-result/
2026-08-24 12:13:09,310 - INFO - Navigating to https://www.sarkariresult.com/2025/cgbse-10th-12th-result/...
2026-08-24 12:13:09,431 - INFO - [610/689] Scraping: https://www.sarkariresult.com/2025/mpbse-mp-board-result/
2026-08-24 12:13:10,486 - INFO - Navigating to https://www.sarkariresult.com/2025/mpbse-mp-board-result/...
2026-08-24 12:13:10,610 - INFO - [611/689] Scraping: https://www.sarkariresult.com/2025/maharashtra-board-result/
2026-08-24 12:13:11,977 - INFO - Navigating to https://www.sarkariresult.com/2025/maharashtra-board-result/...
2026-08-24 12:13:12,067 - INFO - [612/689] Scraping: https://www.sarkariresult.com/2025/cisce-board-icse-isc/
2026-08-24 12:13:13,736 - INFO - Navigating to https://www.sarkariresult.com/2025/cisce-board-icse-isc/...
2026-08-24 12:13:13,988 - INFO - [613/689] Scraping: https://www.sarkariresult.com/2025/up-board-result-2025/
2026-08-24 12:13:15,828 - INFO - Navigating to https://www.sarkariresult.com/2025/up-board-result-2025/...
2026-08-24 12:13:16,003 - INFO - [614/689] Scraping: https://www.sarkariresult.com/2025/ubse-result/
2026-08-24 12:13:17,803 - INFO - Navigating to https://www.sarkariresult.com/2025/ubse-result/...
2026-08-24 12:13:17,922 - INFO - [615/689] Scraping: https://www.sarkariresult.com/2025/bhu-set-chs-2025/
2026-08-24 12:13:19,297 - INFO - Navigating to https://www.sarkariresult.com/2025/bhu-set-chs-2025/...
2026-08-24 12:13:19,429 - INFO - [616/689] Scraping: https://www.sarkariresult.com/2025/kvs-class-1-admissions/
2026-08-24 12:13:20,610 - INFO - Navigating to https://www.sarkariresult.com/2025/kvs-class-1-admissions/...
2026-08-24 12:13:20,909 - INFO - [617/689] Scraping: https://www.sarkariresult.com/2025/rrb-technician-3-result/
2026-08-24 12:13:22,572 - INFO - Navigating to https://www.sarkariresult.com/2025/rrb-technician-3-result/...
2026-08-24 12:13:22,717 - INFO - [618/689] Scraping: https://www.sarkariresult.com/2025/rrb-technician-result/
2026-08-24 12:13:23,828 - INFO - Navigating to https://www.sarkariresult.com/2025/rrb-technician-result/...
2026-08-24 12:13:23,970 - INFO - [619/689] Scraping: https://www.sarkariresult.com/2025/rrb-junior-engineer-result-03-2024/
2026-08-24 12:13:25,006 - INFO - Navigating to https://www.sarkariresult.com/2025/rrb-junior-engineer-result-03-2024/...
2026-08-24 12:13:25,141 - INFO - [620/689] Scraping: https://www.sarkariresult.com/2025/rrb-alp-cen-01-2025-result/
2026-08-24 12:13:26,965 - INFO - Navigating to https://www.sarkariresult.com/2025/rrb-alp-cen-01-2025-result/...
2026-08-24 12:13:27,222 - INFO - [621/689] Scraping: https://www.sarkariresult.com/2025/uppsc-calendar-jan25/
2026-08-24 12:13:28,109 - INFO - Navigating to https://www.sarkariresult.com/2025/uppsc-calendar-jan25/...
2026-08-24 12:13:28,231 - INFO - [622/689] Scraping: https://www.sarkariresult.com/2025/mp-board-mpbse-exam/
2026-08-24 12:13:29,862 - INFO - Navigating to https://www.sarkariresult.com/2025/mp-board-mpbse-exam/...
2026-08-24 12:13:29,988 - INFO - [623/689] Scraping: https://www.sarkariresult.com/2026/bseb-bihar-deled-2026-answer-key/
2026-08-24 12:13:31,357 - INFO - Navigating to https://www.sarkariresult.com/2026/bseb-bihar-deled-2026-answer-key/...
2026-08-24 12:13:31,843 - INFO - Skipping https://www.sarkariresult.com/2026/bseb-bihar-deled-2026-answer-key/ as it has no importantLinks (empty page)
2026-08-24 12:13:31,843 - INFO - [624/689] Scraping: https://www.sarkariresult.com/2026/bseb-answer-key/
2026-08-24 12:13:33,759 - INFO - Navigating to https://www.sarkariresult.com/2026/bseb-answer-key/...
2026-08-24 12:13:34,017 - INFO - [625/689] Scraping: https://www.sarkariresult.com/2026/jrdsu-admission-june-2026/
2026-08-24 12:13:35,435 - INFO - Navigating to https://www.sarkariresult.com/2026/jrdsu-admission-june-2026/...
2026-08-24 12:13:40,684 - INFO - [626/689] Scraping: https://www.sarkariresult.com/2026/upmsp-june-2026/
2026-08-24 12:13:42,125 - INFO - Navigating to https://www.sarkariresult.com/2026/upmsp-june-2026/...
2026-08-24 12:13:42,251 - INFO - [627/689] Scraping: https://www.sarkariresult.com/2026/rajju-bhaiya-state-university-prsu-cet/
2026-08-24 12:13:44,241 - INFO - Navigating to https://www.sarkariresult.com/2026/rajju-bhaiya-state-university-prsu-cet/...
2026-08-24 12:13:44,485 - INFO - [628/689] Scraping: https://www.sarkariresult.com/2026/swd-up-free-coaching/
2026-08-24 12:13:45,579 - INFO - Navigating to https://www.sarkariresult.com/2026/swd-up-free-coaching/...
2026-08-24 12:13:45,761 - INFO - [629/689] Scraping: https://www.sarkariresult.com/2026/du-pg-admissions/
2026-08-24 12:13:46,675 - INFO - Navigating to https://www.sarkariresult.com/2026/du-pg-admissions/...
2026-08-24 12:13:46,858 - INFO - [630/689] Scraping: https://www.sarkariresult.com/2026/nta-icar-aieea/
2026-08-24 12:13:48,514 - INFO - Navigating to https://www.sarkariresult.com/2026/nta-icar-aieea/...
2026-08-24 12:13:48,696 - INFO - [631/689] Scraping: https://www.sarkariresult.com/2026/upcatet-2026/
2026-08-24 12:13:49,898 - INFO - Navigating to https://www.sarkariresult.com/2026/upcatet-2026/...
2026-08-24 12:13:50,211 - INFO - [632/689] Scraping: https://www.sarkariresult.com/2026/bihar-2yr-bed/
2026-08-24 12:13:51,504 - INFO - Navigating to https://www.sarkariresult.com/2026/bihar-2yr-bed/...
2026-08-24 12:13:51,684 - INFO - [633/689] Scraping: https://www.sarkariresult.com/2026/csjmu-kanpur/
2026-08-24 12:13:52,830 - INFO - Navigating to https://www.sarkariresult.com/2026/csjmu-kanpur/...
2026-08-24 12:13:52,950 - INFO - [634/689] Scraping: https://www.sarkariresult.com/2026/up-rte-free-admissions/
2026-08-24 12:13:54,495 - INFO - Navigating to https://www.sarkariresult.com/2026/up-rte-free-admissions/...
2026-08-24 12:13:54,618 - INFO - [635/689] Scraping: https://www.sarkariresult.com/2025/scvtup-iti-admissions/
2026-08-24 12:13:55,523 - INFO - Navigating to https://www.sarkariresult.com/2025/scvtup-iti-admissions/...
2026-08-24 12:13:55,785 - INFO - [636/689] Scraping: https://www.sarkariresult.com/2025/msdsu-azamgarh/
2026-08-24 12:13:56,903 - INFO - Navigating to https://www.sarkariresult.com/2025/msdsu-azamgarh/...
2026-08-24 12:13:57,025 - INFO - [637/689] Scraping: https://www.sarkariresult.com/2025/nta-ntet-2025/
2026-08-24 12:13:58,254 - INFO - Navigating to https://www.sarkariresult.com/2025/nta-ntet-2025/...
2026-08-24 12:13:58,461 - INFO - [638/689] Scraping: https://www.sarkariresult.com/2025/josaa-2025/
2026-08-24 12:13:59,499 - INFO - Navigating to https://www.sarkariresult.com/2025/josaa-2025/...
2026-08-24 12:13:59,634 - INFO - [639/689] Scraping: https://www.sarkariresult.com/mp/mpesb-pbbsc-msc-may2025/
2026-08-24 12:14:01,121 - INFO - Navigating to https://www.sarkariresult.com/mp/mpesb-pbbsc-msc-may2025/...
2026-08-24 12:14:01,481 - INFO - [640/689] Scraping: https://www.sarkariresult.com/2025/muit-diploma-admissions/
2026-08-24 12:14:03,017 - INFO - Navigating to https://www.sarkariresult.com/2025/muit-diploma-admissions/...
2026-08-24 12:14:03,151 - INFO - [641/689] Scraping: https://www.sarkariresult.com/mp/mpesb-pnst-gnmtst-2025/
2026-08-24 12:14:04,516 - INFO - Navigating to https://www.sarkariresult.com/mp/mpesb-pnst-gnmtst-2025/...
2026-08-24 12:14:04,648 - INFO - [642/689] Scraping: https://www.sarkariresult.com/2025/upmsp-compartment/
2026-08-24 12:14:06,413 - INFO - Navigating to https://www.sarkariresult.com/2025/upmsp-compartment/...
2026-08-24 12:14:06,567 - INFO - [643/689] Scraping: https://www.sarkariresult.com/2025/nta-aiapget-2025/
2026-08-24 12:14:07,510 - INFO - Navigating to https://www.sarkariresult.com/2025/nta-aiapget-2025/...
2026-08-24 12:14:07,760 - INFO - [644/689] Scraping: https://www.sarkariresult.com/2025/nta-icar-aieea-pg-phd/
2026-08-24 12:14:08,671 - INFO - Navigating to https://www.sarkariresult.com/2025/nta-icar-aieea-pg-phd/...
2026-08-24 12:14:08,843 - INFO - [645/689] Scraping: https://www.sarkariresult.com/2025/up-board-scrutiny/
2026-08-24 12:14:10,559 - INFO - Navigating to https://www.sarkariresult.com/2025/up-board-scrutiny/...
2026-08-24 12:14:10,692 - INFO - [646/689] Scraping: https://www.sarkariresult.com/2025/muit-jmc-animation-apr25/
2026-08-24 12:14:12,583 - INFO - Navigating to https://www.sarkariresult.com/2025/muit-jmc-animation-apr25/...
2026-08-24 12:14:12,708 - INFO - [647/689] Scraping: https://www.sarkariresult.com/2025/csu-prak-shastri-admissions/
2026-08-24 12:14:13,929 - INFO - Navigating to https://www.sarkariresult.com/2025/csu-prak-shastri-admissions/...
2026-08-24 12:14:14,248 - INFO - [648/689] Scraping: https://www.sarkariresult.com/2025/nta-swayam-admissions/
2026-08-24 12:14:15,806 - INFO - Navigating to https://www.sarkariresult.com/2025/nta-swayam-admissions/...
2026-08-24 12:14:15,971 - INFO - [649/689] Scraping: https://www.sarkariresult.com/2025/muit-admissions/
2026-08-24 12:14:17,968 - INFO - Navigating to https://www.sarkariresult.com/2025/muit-admissions/...
2026-08-24 12:14:19,080 - INFO - [650/689] Scraping: https://www.sarkariresult.com/2025/iert-admissions/
2026-08-24 12:14:20,505 - INFO - Navigating to https://www.sarkariresult.com/2025/iert-admissions/...
2026-08-24 12:14:20,752 - INFO - [651/689] Scraping: https://www.sarkariresult.com/delhi/dsssb-result-apr26/
2026-08-24 12:14:21,852 - INFO - Navigating to https://www.sarkariresult.com/delhi/dsssb-result-apr26/...
2026-08-24 12:14:22,096 - INFO - [652/689] Scraping: https://www.sarkariresult.com/page/mprojgar/
2026-08-24 12:14:23,351 - INFO - Navigating to https://www.sarkariresult.com/page/mprojgar/...
2026-08-24 12:14:23,527 - INFO - [653/689] Scraping: https://www.sarkariresult.com/2024/up-scholarship-postmatric/
2026-08-24 12:14:24,610 - INFO - Navigating to https://www.sarkariresult.com/2024/up-scholarship-postmatric/...
2026-08-24 12:14:24,735 - INFO - [654/689] Scraping: https://www.sarkariresult.com/ssc/ssc-one-time-registration-otr/
2026-08-24 12:14:26,667 - INFO - Navigating to https://www.sarkariresult.com/ssc/ssc-one-time-registration-otr/...
2026-08-24 12:14:26,797 - INFO - [655/689] Scraping: https://www.sarkariresult.com/2024/voter-service-portal/
2026-08-24 12:14:28,360 - INFO - Navigating to https://www.sarkariresult.com/2024/voter-service-portal/...
2026-08-24 12:14:28,607 - INFO - [656/689] Scraping: https://www.sarkariresult.com/2022/har-ghar-tiranga-abhiyan/
2026-08-24 12:14:29,579 - INFO - Navigating to https://www.sarkariresult.com/2022/har-ghar-tiranga-abhiyan/...
2026-08-24 12:14:29,708 - INFO - [657/689] Scraping: https://www.sarkariresult.com/2023/sahara-refund-portal/
2026-08-24 12:14:31,564 - INFO - Navigating to https://www.sarkariresult.com/2023/sahara-refund-portal/...
2026-08-24 12:14:41,829 - INFO - [658/689] Scraping: https://www.sarkariresult.com/2023/up-family-id/
2026-08-24 12:14:42,945 - INFO - Navigating to https://www.sarkariresult.com/2023/up-family-id/...
2026-08-24 12:14:43,079 - INFO - [659/689] Scraping: https://www.sarkariresult.com/mp/mp-esb-profile-registration/
2026-08-24 12:14:44,801 - INFO - Navigating to https://www.sarkariresult.com/mp/mp-esb-profile-registration/...
2026-08-24 12:14:44,936 - INFO - [660/689] Scraping: https://www.sarkariresult.com/2022/up-cm-fellowship-2022/
2026-08-24 12:14:46,386 - INFO - Navigating to https://www.sarkariresult.com/2022/up-cm-fellowship-2022/...
2026-08-24 12:14:46,518 - INFO - [661/689] Scraping: https://www.sarkariresult.com/2022/up-scholarship-2022/
2026-08-24 12:14:47,982 - INFO - Navigating to https://www.sarkariresult.com/2022/up-scholarship-2022/...
2026-08-24 12:14:48,288 - INFO - [662/689] Scraping: https://www.sarkariresult.com/2022/up-election-date-2022/
2026-08-24 12:14:49,903 - INFO - Navigating to https://www.sarkariresult.com/2022/up-election-date-2022/...
2026-08-24 12:14:50,058 - INFO - [663/689] Scraping: https://www.sarkariresult.com/2022/uidai-aadhar-card/
2026-08-24 12:14:51,947 - INFO - Navigating to https://www.sarkariresult.com/2022/uidai-aadhar-card/...
2026-08-24 12:14:52,082 - INFO - [664/689] Scraping: https://www.sarkariresult.com/2022/e-sharam-uan-card/
2026-08-24 12:14:53,954 - INFO - Navigating to https://www.sarkariresult.com/2022/e-sharam-uan-card/...
2026-08-24 12:14:54,083 - INFO - [665/689] Scraping: https://www.sarkariresult.com/2021/up-scholarship-2021/
2026-08-24 12:14:55,171 - INFO - Navigating to https://www.sarkariresult.com/2021/up-scholarship-2021/...
2026-08-24 12:14:55,404 - INFO - [666/689] Scraping: https://www.sarkariresult.com/2021/up-teacher-transfer-2021/
2026-08-24 12:14:56,847 - INFO - Navigating to https://www.sarkariresult.com/2021/up-teacher-transfer-2021/...
2026-08-24 12:14:56,974 - INFO - [667/689] Scraping: https://www.sarkariresult.com/2021/hsrp/
2026-08-24 12:14:58,289 - INFO - Navigating to https://www.sarkariresult.com/2021/hsrp/...
2026-08-24 12:14:58,406 - INFO - [668/689] Scraping: https://www.sarkariresult.com/upsssc/upsssc-otr-registration/
2026-08-24 12:14:59,219 - INFO - Navigating to https://www.sarkariresult.com/upsssc/upsssc-otr-registration/...
2026-08-24 12:14:59,342 - INFO - [669/689] Scraping: https://www.sarkariresult.com/2021/co-win-registration/
2026-08-24 12:15:00,663 - INFO - Navigating to https://www.sarkariresult.com/2021/co-win-registration/...
2026-08-24 12:15:01,008 - INFO - [670/689] Scraping: https://www.sarkariresult.com/2020/up-ntse-2020/
2026-08-24 12:15:02,504 - INFO - Navigating to https://www.sarkariresult.com/2020/up-ntse-2020/...
2026-08-24 12:15:02,633 - INFO - [671/689] Scraping: https://www.sarkariresult.com/2020/up-scholarship-pre-post/
2026-08-24 12:15:04,137 - INFO - Navigating to https://www.sarkariresult.com/2020/up-scholarship-pre-post/...
2026-08-24 12:15:04,320 - INFO - [672/689] Scraping: https://www.sarkariresult.com/2020/up-learning-license/
2026-08-24 12:15:05,534 - INFO - Navigating to https://www.sarkariresult.com/2020/up-learning-license/...
2026-08-24 12:15:05,665 - INFO - [673/689] Scraping: https://www.sarkariresult.com/page/upbaronline/
2026-08-24 12:15:07,490 - INFO - Navigating to https://www.sarkariresult.com/page/upbaronline/...
2026-08-24 12:15:07,736 - INFO - [674/689] Scraping: https://www.sarkariresult.com/hssc/htet-dec-2024/
2026-08-24 12:15:08,717 - INFO - Navigating to https://www.sarkariresult.com/hssc/htet-dec-2024/...
2026-08-24 12:15:08,842 - INFO - [675/689] Scraping: https://www.sarkariresult.com/2024/nta-ugc-net-dec24/
2026-08-24 12:15:10,171 - INFO - Navigating to https://www.sarkariresult.com/2024/nta-ugc-net-dec24/...
2026-08-24 12:15:10,316 - INFO - [676/689] Scraping: https://www.sarkariresult.com/mp/mppsc-set-2024/
2026-08-24 12:15:11,778 - INFO - Navigating to https://www.sarkariresult.com/mp/mppsc-set-2024/...
2026-08-24 12:15:11,902 - INFO - [677/689] Scraping: https://www.sarkariresult.com/2024/nta-ugc-net-june2024/
2026-08-24 12:15:12,870 - INFO - Navigating to https://www.sarkariresult.com/2024/nta-ugc-net-june2024/...
2026-08-24 12:15:13,201 - INFO - [678/689] Scraping: https://www.sarkariresult.com/nta/nta-ugc-net-dec23/
2026-08-24 12:15:14,780 - INFO - Navigating to https://www.sarkariresult.com/nta/nta-ugc-net-dec23/...
2026-08-24 12:15:14,925 - INFO - [679/689] Scraping: https://www.sarkariresult.com/2023/aadhar-pan-card-link/
2026-08-24 12:15:16,789 - INFO - Navigating to https://www.sarkariresult.com/2023/aadhar-pan-card-link/...
2026-08-24 12:15:16,913 - INFO - [680/689] Scraping: https://www.sarkariresult.com/upsssc/upsssc-pet-2022/
2026-08-24 12:15:18,884 - INFO - Navigating to https://www.sarkariresult.com/upsssc/upsssc-pet-2022/...
2026-08-24 12:15:19,015 - INFO - [681/689] Scraping: https://www.sarkariresult.com/page/pancard/
2026-08-24 12:15:20,489 - INFO - Navigating to https://www.sarkariresult.com/page/pancard/...
2026-08-24 12:15:20,725 - INFO - [682/689] Scraping: https://www.sarkariresult.com/page/ddugkpresult/
2026-08-24 12:15:22,268 - INFO - Navigating to https://www.sarkariresult.com/page/ddugkpresult/...
2026-08-24 12:15:22,391 - INFO - [683/689] Scraping: https://www.sarkariresult.com/2021/upsssc-pet-result/
2026-08-24 12:15:23,281 - INFO - Navigating to https://www.sarkariresult.com/2021/upsssc-pet-result/...
2026-08-24 12:15:23,415 - INFO - [684/689] Scraping: https://www.sarkariresult.com/2021/csjmu-provisional/
2026-08-24 12:15:24,901 - INFO - Navigating to https://www.sarkariresult.com/2021/csjmu-provisional/...
2026-08-24 12:15:25,084 - INFO - [685/689] Scraping: https://www.sarkariresult.com/2021/up-certificate-verification/
2026-08-24 12:15:26,844 - INFO - Navigating to https://www.sarkariresult.com/2021/up-certificate-verification/...
2026-08-24 12:15:27,095 - INFO - [686/689] Scraping: https://www.sarkariresult.com/nta/ugc-net-june-2020/
2026-08-24 12:15:28,350 - INFO - Navigating to https://www.sarkariresult.com/nta/ugc-net-june-2020/...
2026-08-24 12:15:28,478 - INFO - [687/689] Scraping: https://www.sarkariresult.com/page/voteridonline/
2026-08-24 12:15:29,905 - INFO - Navigating to https://www.sarkariresult.com/page/voteridonline/...
2026-08-24 12:15:30,040 - INFO - [688/689] Scraping: https://www.sarkariresult.com/page/uidaiall/
2026-08-24 12:15:30,916 - INFO - Navigating to https://www.sarkariresult.com/page/uidaiall/...
2026-08-24 12:15:31,040 - INFO - [689/689] Scraping: https://www.sarkariresult.com/page/borlandrecord/
2026-08-24 12:15:32,685 - INFO - Navigating to https://www.sarkariresult.com/page/borlandrecord/...
2026-08-24 12:15:32,936 - INFO - Connecting to MongoDB for Database Strategy Phase...
2026-08-24 12:15:55,771 - INFO - Upsert Complete: 0 new inserts, 6 updates.
2026-08-24 12:15:55,774 - INFO - Data Pipeline executed successfully.
